Gender,age_at_July06,exp_at_July06,count_all,retire_at_July06,retire_at_July07,retire_at_July08,retire_at_July09,retire_at_July10,retire_at_July11,retire_at_July12,not_retired_at_July12
Female,47,5,66,1.0,2.0,,,,1.0,1.0,61.0
Female,47,6,90,,,1.0,,1.0,,,88.0
Female,47,7,86,1.0,,2.0,1.0,1.0,1.0,,80.0
Female,47,8,71,,,,,2.0,,2.0,67.0
Female,47,9,62,,,,1.0,1.0,,2.0,58.0
Female,47,10,64,1.0,1.0,,,,,2.0,60.0
Female,47,11,73,1.0,,1.0,1.0,,,,70.0
Female,47,12,82,1.0,2.0,1.0,,,,,78.0
Female,47,13,67,1.0,,1.0,1.0,2.0,,1.0,61.0
Female,47,14,60,,,,,,,,60.0
Female,47,15,77,,,1.0,,,,,76.0
Female,47,16,71,,,,,,,,71.0
Female,47,17,60,,,,,1.0,,1.0,58.0
Female,47,18,65,,1.0,,,1.0,,,63.0
Female,47,19,71,,1.0,,2.0,,,1.0,67.0
Female,47,20,74,,1.0,,1.0,1.0,,,71.0
Female,47,21,84,,,,1.0,,1.0,,82.0
Female,47,22,100,,,,1.0,,,2.0,97.0
Female,47,23,113,1.0,,,,,,1.0,111.0
Female,47,24,155,1.0,1.0,,,,1.0,,152.0
Female,47,25,156,,,,,1.0,2.0,,153.0
Female,47,26,96,,,,,,1.0,1.0,94.0
Female,47,27,4,,,,,,,,4.0
Female,48,5,82,2.0,2.0,1.0,2.0,1.0,,,74.0
Female,48,6,72,1.0,2.0,,,,2.0,1.0,66.0
Female,48,7,97,1.0,1.0,1.0,,3.0,1.0,2.0,88.0
Female,48,8,88,3.0,1.0,1.0,1.0,,2.0,3.0,77.0
Female,48,9,82,4.0,1.0,,,,1.0,2.0,74.0
Female,48,10,71,,1.0,3.0,1.0,1.0,,,65.0
Female,48,11,76,1.0,3.0,,1.0,1.0,2.0,1.0,67.0
Female,48,12,96,,1.0,,,1.0,1.0,1.0,92.0
Female,48,13,105,,,,2.0,,1.0,1.0,101.0
Female,48,14,70,2.0,,,2.0,,,3.0,63.0
Female,48,15,79,,,2.0,1.0,1.0,,2.0,73.0
Female,48,16,64,1.0,,1.0,,1.0,1.0,1.0,59.0
Female,48,17,72,,1.0,1.0,,,,5.0,65.0
Female,48,18,90,,1.0,1.0,,1.0,,1.0,86.0
Female,48,19,64,,1.0,,,,,3.0,60.0
Female,48,20,74,,1.0,,,,,4.0,69.0
Female,48,21,78,1.0,,1.0,,,,1.0,75.0
Female,48,22,77,,,,,,1.0,1.0,75.0
Female,48,23,99,3.0,,,,,2.0,7.0,87.0
Female,48,24,111,,,,,,,3.0,108.0
Female,48,25,152,1.0,,,,,2.0,2.0,147.0
Female,48,26,242,,1.0,,,,1.0,9.0,231.0
Female,48,27,100,1.0,,2.0,,,1.0,21.0,75.0
Female,48,28,5,,,,,,,3.0,2.0
Female,49,5,68,2.0,2.0,1.0,2.0,,1.0,1.0,59.0
Female,49,6,69,2.0,1.0,2.0,,1.0,,1.0,62.0
Female,49,7,80,3.0,1.0,1.0,2.0,,,1.0,72.0
Female,49,8,81,1.0,2.0,1.0,1.0,,,,76.0
Female,49,9,91,,,2.0,,1.0,,3.0,85.0
Female,49,10,70,,1.0,,,,1.0,,68.0
Female,49,11,74,1.0,1.0,,2.0,,2.0,2.0,66.0
Female,49,12,99,1.0,,1.0,1.0,,,1.0,95.0
Female,49,13,86,1.0,1.0,2.0,1.0,1.0,,1.0,79.0
Female,49,14,81,,1.0,,,,1.0,1.0,78.0
Female,49,15,87,,,,,,1.0,5.0,81.0
Female,49,16,75,,,1.0,,,1.0,6.0,67.0
Female,49,17,75,,2.0,,4.0,,,6.0,63.0
Female,49,18,67,1.0,,,,,3.0,5.0,58.0
Female,49,19,73,,,1.0,,1.0,2.0,6.0,63.0
Female,49,20,62,,,1.0,,,1.0,4.0,56.0
Female,49,21,70,,,,,,3.0,10.0,57.0
Female,49,22,65,,1.0,1.0,,1.0,3.0,4.0,55.0
Female,49,23,75,,1.0,,1.0,,1.0,8.0,64.0
Female,49,24,96,1.0,,,,,3.0,13.0,79.0
Female,49,25,145,,,,,,6.0,7.0,132.0
Female,49,26,226,,1.0,,,1.0,7.0,11.0,206.0
Female,49,27,273,1.0,,1.0,,1.0,6.0,85.0,179.0
Female,49,28,101,,,,,,21.0,29.0,51.0
Female,49,29,6,,,,,,2.0,3.0,1.0
Female,50,5,57,1.0,2.0,2.0,1.0,2.0,,1.0,48.0
Female,50,6,69,2.0,2.0,1.0,,,,1.0,63.0
Female,50,7,62,2.0,1.0,1.0,1.0,,2.0,1.0,54.0
Female,50,8,69,1.0,,,1.0,1.0,1.0,,65.0
Female,50,9,73,,,1.0,1.0,1.0,2.0,2.0,66.0
Female,50,10,73,1.0,,,2.0,1.0,2.0,1.0,66.0
Female,50,11,76,3.0,3.0,1.0,,,1.0,2.0,66.0
Female,50,12,95,1.0,2.0,1.0,2.0,1.0,,3.0,85.0
Female,50,13,87,,,,,,,1.0,86.0
Female,50,14,83,1.0,,,,,2.0,5.0,75.0
Female,50,15,89,,,1.0,,2.0,4.0,2.0,80.0
Female,50,16,106,1.0,1.0,1.0,,1.0,9.0,5.0,88.0
Female,50,17,79,1.0,,,,1.0,7.0,5.0,65.0
Female,50,18,63,,,1.0,,1.0,2.0,5.0,54.0
Female,50,19,83,1.0,1.0,,,4.0,2.0,6.0,69.0
Female,50,20,68,,,,,5.0,5.0,6.0,52.0
Female,50,21,75,,2.0,1.0,,,5.0,5.0,62.0
Female,50,22,76,1.0,,,,2.0,3.0,3.0,67.0
Female,50,23,66,,,2.0,,2.0,7.0,4.0,51.0
Female,50,24,64,1.0,,,1.0,1.0,6.0,7.0,48.0
Female,50,25,99,1.0,,,1.0,1.0,6.0,7.0,83.0
Female,50,26,174,,,1.0,,,7.0,10.0,156.0
Female,50,27,259,2.0,1.0,,1.0,3.0,17.0,101.0,134.0
Female,50,28,271,,,,1.0,9.0,79.0,79.0,103.0
Female,50,29,105,,,,,30.0,30.0,16.0,29.0
Female,50,30,4,,,,,2.0,1.0,1.0,
Female,51,5,75,1.0,,2.0,,2.0,,1.0,69.0
Female,51,6,71,1.0,2.0,1.0,2.0,,2.0,1.0,62.0
Female,51,7,89,1.0,1.0,1.0,,,2.0,2.0,82.0
Female,51,8,85,1.0,2.0,2.0,1.0,4.0,2.0,1.0,72.0
Female,51,9,85,2.0,1.0,1.0,,2.0,5.0,2.0,72.0
Female,51,10,65,,1.0,2.0,,1.0,,2.0,59.0
Female,51,11,69,1.0,,,,,2.0,,66.0
Female,51,12,104,1.0,2.0,,,1.0,2.0,,98.0
Female,51,13,114,,,1.0,,1.0,2.0,13.0,97.0
Female,51,14,85,1.0,,3.0,,3.0,6.0,2.0,70.0
Female,51,15,79,,,1.0,,4.0,4.0,5.0,65.0
Female,51,16,82,2.0,,,,8.0,4.0,3.0,65.0
Female,51,17,85,1.0,1.0,,3.0,5.0,4.0,4.0,67.0
Female,51,18,89,1.0,1.0,,2.0,2.0,3.0,5.0,75.0
Female,51,19,79,,,,,4.0,5.0,4.0,66.0
Female,51,20,74,2.0,1.0,3.0,1.0,4.0,4.0,5.0,54.0
Female,51,21,82,,1.0,,2.0,8.0,6.0,2.0,63.0
Female,51,22,78,,,1.0,1.0,5.0,3.0,3.0,65.0
Female,51,23,83,,,,1.0,7.0,3.0,7.0,65.0
Female,51,24,66,1.0,1.0,,1.0,4.0,6.0,4.0,49.0
Female,51,25,80,,,,2.0,4.0,5.0,7.0,62.0
Female,51,26,126,1.0,1.0,,4.0,3.0,1.0,8.0,108.0
Female,51,27,171,2.0,,1.0,2.0,14.0,10.0,45.0,97.0
Female,51,28,282,1.0,,,6.0,17.0,84.0,104.0,70.0
Female,51,29,246,1.0,1.0,,4.0,79.0,73.0,41.0,47.0
Female,51,30,132,1.0,3.0,1.0,34.0,36.0,19.0,7.0,31.0
Female,51,32,1,,,,1.0,,,,
Female,52,5,44,1.0,,,,,1.0,1.0,41.0
Female,52,6,57,4.0,1.0,,1.0,2.0,,1.0,48.0
Female,52,7,77,1.0,2.0,1.0,,,,3.0,70.0
Female,52,8,75,2.0,,1.0,1.0,,1.0,1.0,69.0
Female,52,9,71,,,2.0,1.0,1.0,1.0,2.0,64.0
Female,52,10,65,3.0,1.0,3.0,,,,1.0,57.0
Female,52,11,78,,3.0,1.0,,2.0,1.0,2.0,69.0
Female,52,12,101,1.0,3.0,1.0,1.0,,1.0,3.0,91.0
Female,52,13,97,,1.0,2.0,1.0,1.0,2.0,3.0,87.0
Female,52,14,100,1.0,1.0,1.0,,1.0,2.0,6.0,88.0
Female,52,15,112,,1.0,3.0,7.0,4.0,4.0,3.0,90.0
Female,52,16,92,,,1.0,3.0,1.0,2.0,4.0,81.0
Female,52,17,83,1.0,1.0,1.0,6.0,1.0,3.0,3.0,67.0
Female,52,18,79,1.0,,5.0,6.0,1.0,3.0,3.0,60.0
Female,52,19,97,2.0,,3.0,7.0,3.0,3.0,3.0,76.0
Female,52,20,84,1.0,2.0,,2.0,2.0,3.0,3.0,71.0
Female,52,21,90,,,2.0,6.0,2.0,3.0,9.0,68.0
Female,52,22,81,,,3.0,7.0,5.0,7.0,1.0,58.0
Female,52,23,77,,,1.0,5.0,4.0,2.0,5.0,60.0
Female,52,24,83,,,3.0,8.0,4.0,2.0,4.0,62.0
Female,52,25,77,2.0,,,5.0,4.0,5.0,5.0,56.0
Female,52,26,102,,,3.0,3.0,6.0,6.0,8.0,76.0
Female,52,27,143,1.0,1.0,3.0,12.0,9.0,19.0,38.0,60.0
Female,52,28,191,,,10.0,14.0,8.0,55.0,51.0,53.0
Female,52,29,283,1.0,1.0,4.0,27.0,91.0,79.0,43.0,37.0
Female,52,30,271,1.0,,8.0,98.0,70.0,35.0,18.0,41.0
Female,52,31,150,1.0,,43.0,44.0,24.0,14.0,11.0,13.0
Female,52,32,13,,,8.0,2.0,,,,3.0
Female,53,5,51,3.0,4.0,,3.0,,1.0,,40.0
Female,53,6,57,2.0,,,3.0,1.0,2.0,3.0,46.0
Female,53,7,58,1.0,1.0,1.0,,2.0,,2.0,51.0
Female,53,8,63,1.0,,2.0,3.0,,1.0,3.0,53.0
Female,53,9,74,2.0,1.0,,,3.0,1.0,7.0,60.0
Female,53,10,96,2.0,1.0,2.0,,1.0,,2.0,88.0
Female,53,11,64,1.0,,1.0,1.0,1.0,1.0,5.0,54.0
Female,53,12,88,4.0,1.0,1.0,1.0,2.0,2.0,2.0,75.0
Female,53,13,92,,,1.0,1.0,,2.0,6.0,82.0
Female,53,14,87,,1.0,1.0,1.0,3.0,1.0,10.0,70.0
Female,53,15,96,1.0,2.0,3.0,5.0,2.0,7.0,8.0,68.0
Female,53,16,118,1.0,1.0,4.0,2.0,6.0,2.0,12.0,90.0
Female,53,17,96,3.0,1.0,4.0,3.0,4.0,2.0,4.0,75.0
Female,53,18,84,,1.0,3.0,6.0,2.0,4.0,8.0,60.0
Female,53,19,92,1.0,3.0,3.0,3.0,5.0,3.0,9.0,65.0
Female,53,20,108,,7.0,7.0,4.0,7.0,10.0,13.0,60.0
Female,53,21,77,,2.0,6.0,3.0,6.0,3.0,5.0,52.0
Female,53,22,100,,5.0,2.0,3.0,5.0,3.0,11.0,71.0
Female,53,23,87,,4.0,5.0,3.0,4.0,6.0,5.0,60.0
Female,53,24,110,,4.0,9.0,3.0,4.0,3.0,9.0,78.0
Female,53,25,90,,4.0,3.0,3.0,3.0,10.0,8.0,59.0
Female,53,26,100,,7.0,5.0,7.0,3.0,6.0,13.0,59.0
Female,53,27,136,,7.0,9.0,4.0,7.0,17.0,42.0,50.0
Female,53,28,165,1.0,3.0,12.0,8.0,13.0,54.0,39.0,35.0
Female,53,29,227,1.0,12.0,22.0,25.0,73.0,46.0,21.0,27.0
Female,53,30,293,,10.0,27.0,97.0,66.0,43.0,17.0,33.0
Female,53,31,365,,60.0,106.0,101.0,43.0,12.0,15.0,28.0
Female,53,32,226,1.0,104.0,46.0,24.0,12.0,13.0,15.0,11.0
Female,53,33,14,,7.0,6.0,,,,1.0,
Female,53,34,1,,,,,,1.0,,
Female,54,5,35,1.0,2.0,,,3.0,3.0,3.0,23.0
Female,54,6,58,3.0,2.0,3.0,,1.0,1.0,6.0,42.0
Female,54,7,68,1.0,2.0,,3.0,2.0,2.0,9.0,49.0
Female,54,8,58,1.0,1.0,,1.0,,1.0,4.0,50.0
Female,54,9,77,1.0,3.0,1.0,1.0,2.0,2.0,10.0,57.0
Female,54,10,71,,1.0,1.0,2.0,2.0,3.0,11.0,51.0
Female,54,11,73,,1.0,2.0,2.0,2.0,3.0,10.0,53.0
Female,54,12,73,,2.0,2.0,1.0,3.0,6.0,3.0,56.0
Female,54,13,92,4.0,4.0,1.0,1.0,1.0,5.0,21.0,55.0
Female,54,14,95,,1.0,2.0,2.0,1.0,7.0,22.0,60.0
Female,54,15,114,3.0,1.0,2.0,1.0,5.0,13.0,15.0,74.0
Female,54,16,125,1.0,6.0,2.0,7.0,6.0,10.0,17.0,76.0
Female,54,17,108,2.0,4.0,2.0,3.0,2.0,10.0,27.0,58.0
Female,54,18,97,,3.0,6.0,1.0,3.0,7.0,30.0,47.0
Female,54,19,100,3.0,12.0,2.0,8.0,,4.0,21.0,50.0
Female,54,20,110,2.0,4.0,2.0,6.0,7.0,16.0,32.0,41.0
Female,54,21,132,2.0,17.0,4.0,5.0,7.0,7.0,30.0,60.0
Female,54,22,127,5.0,6.0,7.0,8.0,4.0,14.0,37.0,46.0
Female,54,23,100,3.0,5.0,4.0,3.0,10.0,8.0,22.0,45.0
Female,54,24,95,4.0,9.0,1.0,3.0,2.0,17.0,28.0,31.0
Female,54,25,105,4.0,9.0,3.0,9.0,3.0,11.0,23.0,43.0
Female,54,26,135,3.0,17.0,7.0,3.0,7.0,9.0,58.0,31.0
Female,54,27,126,6.0,9.0,7.0,7.0,6.0,19.0,48.0,24.0
Female,54,28,147,6.0,22.0,6.0,9.0,10.0,49.0,29.0,16.0
Female,54,29,194,6.0,28.0,12.0,7.0,64.0,33.0,21.0,23.0
Female,54,30,242,6.0,24.0,6.0,82.0,53.0,29.0,15.0,27.0
Female,54,31,372,4.0,148.0,58.0,66.0,39.0,22.0,14.0,21.0
Female,54,32,461,62.0,203.0,61.0,50.0,27.0,11.0,15.0,32.0
Female,54,33,229,92.0,72.0,17.0,12.0,12.0,8.0,4.0,12.0
Female,54,34,15,8.0,3.0,,,2.0,,2.0,
Female,55,5,36,2.0,,,,,4.0,3.0,27.0
Female,55,6,49,3.0,,,,1.0,2.0,4.0,39.0
Female,55,7,41,1.0,,,2.0,1.0,3.0,3.0,31.0
Female,55,8,65,2.0,1.0,1.0,,,7.0,2.0,52.0
Female,55,9,60,,2.0,3.0,2.0,2.0,3.0,5.0,43.0
Female,55,10,65,2.0,2.0,2.0,,2.0,9.0,2.0,46.0
Female,55,11,78,2.0,4.0,1.0,2.0,4.0,13.0,4.0,48.0
Female,55,12,104,1.0,2.0,1.0,2.0,6.0,13.0,14.0,65.0
Female,55,13,81,1.0,1.0,2.0,1.0,1.0,15.0,8.0,52.0
Female,55,14,87,4.0,,4.0,,5.0,17.0,11.0,46.0
Female,55,15,94,4.0,2.0,,2.0,4.0,24.0,7.0,51.0
Female,55,16,111,1.0,4.0,2.0,3.0,8.0,21.0,6.0,66.0
Female,55,17,111,1.0,3.0,3.0,6.0,14.0,26.0,16.0,42.0
Female,55,18,139,1.0,7.0,5.0,8.0,10.0,32.0,16.0,60.0
Female,55,19,101,9.0,9.0,2.0,1.0,6.0,20.0,12.0,42.0
Female,55,20,129,7.0,11.0,4.0,3.0,11.0,25.0,13.0,55.0
Female,55,21,135,14.0,9.0,3.0,4.0,14.0,31.0,16.0,44.0
Female,55,22,120,3.0,8.0,3.0,7.0,7.0,32.0,11.0,49.0
Female,55,23,102,11.0,4.0,4.0,4.0,10.0,21.0,6.0,42.0
Female,55,24,109,9.0,7.0,3.0,4.0,13.0,25.0,13.0,35.0
Female,55,25,125,6.0,8.0,8.0,4.0,14.0,38.0,11.0,36.0
Female,55,26,115,7.0,11.0,8.0,10.0,13.0,27.0,15.0,24.0
Female,55,27,158,12.0,18.0,6.0,6.0,11.0,63.0,20.0,22.0
Female,55,28,127,18.0,17.0,4.0,5.0,16.0,40.0,14.0,13.0
Female,55,29,154,19.0,17.0,14.0,9.0,37.0,30.0,10.0,18.0
Female,55,30,154,18.0,15.0,14.0,31.0,31.0,17.0,10.0,18.0
Female,55,31,211,19.0,68.0,35.0,42.0,14.0,9.0,6.0,18.0
Female,55,32,429,106.0,178.0,41.0,36.0,20.0,15.0,9.0,24.0
Female,55,33,373,167.0,95.0,27.0,18.0,18.0,20.0,7.0,21.0
Female,55,34,105,48.0,17.0,9.0,10.0,8.0,3.0,4.0,6.0
Female,55,35,7,3.0,1.0,2.0,,,,,1.0
Female,56,5,25,,,1.0,1.0,3.0,2.0,,18.0
Female,56,6,37,3.0,1.0,3.0,,2.0,3.0,3.0,22.0
Female,56,7,52,2.0,1.0,,4.0,5.0,6.0,1.0,33.0
Female,56,8,43,2.0,2.0,2.0,1.0,,2.0,4.0,30.0
Female,56,9,49,3.0,2.0,,4.0,3.0,3.0,4.0,30.0
Female,56,10,43,3.0,1.0,,1.0,3.0,2.0,5.0,28.0
Female,56,11,58,2.0,2.0,,2.0,9.0,5.0,8.0,30.0
Female,56,12,68,1.0,2.0,2.0,4.0,11.0,6.0,7.0,35.0
Female,56,13,74,3.0,3.0,4.0,4.0,4.0,7.0,6.0,43.0
Female,56,14,77,3.0,,2.0,4.0,9.0,7.0,6.0,46.0
Female,56,15,84,2.0,,,5.0,17.0,12.0,14.0,34.0
Female,56,16,90,4.0,1.0,1.0,9.0,23.0,10.0,12.0,30.0
Female,56,17,89,1.0,1.0,5.0,14.0,19.0,12.0,9.0,28.0
Female,56,18,77,,4.0,4.0,5.0,17.0,9.0,9.0,29.0
Female,56,19,98,5.0,4.0,1.0,5.0,21.0,16.0,11.0,35.0
Female,56,20,89,1.0,5.0,3.0,8.0,21.0,15.0,4.0,32.0
Female,56,21,107,3.0,10.0,2.0,16.0,19.0,11.0,17.0,29.0
Female,56,22,104,1.0,4.0,6.0,11.0,23.0,12.0,10.0,37.0
Female,56,23,82,5.0,3.0,3.0,9.0,17.0,13.0,8.0,24.0
Female,56,24,85,2.0,6.0,2.0,8.0,20.0,9.0,9.0,29.0
Female,56,25,99,4.0,4.0,5.0,19.0,22.0,10.0,8.0,27.0
Female,56,26,76,3.0,6.0,2.0,9.0,19.0,8.0,12.0,17.0
Female,56,27,90,1.0,5.0,5.0,8.0,24.0,22.0,12.0,13.0
Female,56,28,118,2.0,8.0,6.0,19.0,48.0,17.0,10.0,8.0
Female,56,29,89,2.0,8.0,3.0,12.0,30.0,8.0,5.0,21.0
Female,56,30,75,5.0,10.0,4.0,27.0,16.0,5.0,2.0,6.0
Female,56,31,140,5.0,43.0,30.0,19.0,21.0,8.0,6.0,8.0
Female,56,32,170,36.0,61.0,31.0,16.0,11.0,8.0,3.0,4.0
Female,56,33,161,54.0,41.0,26.0,9.0,13.0,6.0,4.0,8.0
Female,56,34,138,45.0,36.0,8.0,8.0,10.0,12.0,8.0,11.0
Female,56,35,36,11.0,7.0,1.0,2.0,4.0,,3.0,8.0
Female,56,36,3,1.0,2.0,,,,,,
Female,57,5,18,1.0,1.0,,1.0,2.0,1.0,3.0,9.0
Female,57,6,35,2.0,1.0,1.0,1.0,5.0,4.0,4.0,17.0
Female,57,7,30,,2.0,2.0,1.0,2.0,3.0,1.0,19.0
Female,57,8,33,,1.0,1.0,3.0,,,4.0,24.0
Female,57,9,36,2.0,2.0,,3.0,3.0,2.0,1.0,23.0
Female,57,10,35,1.0,,1.0,3.0,2.0,5.0,6.0,17.0
Female,57,11,54,3.0,,2.0,4.0,6.0,3.0,9.0,27.0
Female,57,12,49,1.0,2.0,1.0,3.0,5.0,7.0,5.0,25.0
Female,57,13,57,2.0,3.0,1.0,5.0,5.0,6.0,6.0,29.0
Female,57,14,52,1.0,1.0,1.0,12.0,3.0,4.0,3.0,27.0
Female,57,15,86,1.0,4.0,6.0,12.0,9.0,9.0,12.0,33.0
Female,57,16,78,3.0,3.0,5.0,10.0,7.0,9.0,4.0,37.0
Female,57,17,77,2.0,4.0,7.0,17.0,8.0,8.0,4.0,27.0
Female,57,18,78,1.0,5.0,7.0,14.0,7.0,6.0,8.0,30.0
Female,57,19,85,5.0,3.0,6.0,16.0,6.0,5.0,12.0,32.0
Female,57,20,90,7.0,6.0,5.0,19.0,14.0,10.0,9.0,20.0
Female,57,21,91,3.0,6.0,6.0,22.0,7.0,9.0,7.0,31.0
Female,57,22,71,2.0,8.0,8.0,14.0,4.0,7.0,6.0,22.0
Female,57,23,84,3.0,7.0,10.0,12.0,6.0,12.0,6.0,28.0
Female,57,24,92,8.0,5.0,9.0,22.0,6.0,12.0,10.0,20.0
Female,57,25,78,2.0,6.0,10.0,16.0,3.0,12.0,7.0,22.0
Female,57,26,81,3.0,5.0,6.0,21.0,11.0,12.0,11.0,12.0
Female,57,27,91,3.0,6.0,13.0,28.0,10.0,10.0,9.0,12.0
Female,57,28,99,4.0,7.0,6.0,23.0,27.0,17.0,11.0,4.0
Female,57,29,88,4.0,6.0,4.0,39.0,19.0,5.0,2.0,9.0
Female,57,30,58,5.0,6.0,8.0,22.0,9.0,3.0,1.0,4.0
Female,57,31,84,1.0,25.0,18.0,22.0,6.0,2.0,,10.0
Female,57,32,119,21.0,61.0,7.0,9.0,6.0,3.0,5.0,7.0
Female,57,33,115,52.0,24.0,8.0,12.0,7.0,4.0,4.0,4.0
Female,57,34,89,24.0,22.0,10.0,7.0,8.0,5.0,6.0,7.0
Female,57,35,90,16.0,22.0,17.0,9.0,11.0,4.0,2.0,9.0
Female,57,36,49,10.0,11.0,11.0,2.0,8.0,2.0,2.0,3.0
Female,57,37,3,2.0,,,,,,,1.0
Female,58,5,23,1.0,1.0,1.0,1.0,2.0,4.0,4.0,9.0
Female,58,6,26,1.0,,3.0,3.0,5.0,2.0,,12.0
Female,58,7,34,3.0,1.0,3.0,1.0,4.0,2.0,1.0,19.0
Female,58,8,28,1.0,,1.0,5.0,,3.0,2.0,16.0
Female,58,9,35,1.0,,2.0,4.0,4.0,3.0,5.0,16.0
Female,58,10,37,2.0,,4.0,2.0,2.0,5.0,5.0,17.0
Female,58,11,39,1.0,3.0,6.0,2.0,7.0,2.0,2.0,16.0
Female,58,12,42,1.0,1.0,3.0,7.0,5.0,4.0,6.0,15.0
Female,58,13,59,1.0,6.0,4.0,3.0,2.0,8.0,7.0,28.0
Female,58,14,64,1.0,,12.0,4.0,10.0,11.0,7.0,19.0
Female,58,15,62,2.0,4.0,4.0,8.0,9.0,3.0,9.0,23.0
Female,58,16,70,4.0,1.0,12.0,7.0,9.0,6.0,6.0,25.0
Female,58,17,83,2.0,3.0,15.0,11.0,8.0,7.0,12.0,25.0
Female,58,18,61,2.0,7.0,14.0,7.0,2.0,6.0,5.0,18.0
Female,58,19,85,3.0,10.0,17.0,6.0,11.0,9.0,5.0,24.0
Female,58,20,77,5.0,10.0,11.0,11.0,9.0,7.0,12.0,12.0
Female,58,21,67,3.0,10.0,10.0,3.0,15.0,2.0,10.0,14.0
Female,58,22,67,2.0,10.0,14.0,6.0,10.0,5.0,5.0,15.0
Female,58,23,65,1.0,10.0,11.0,5.0,11.0,11.0,5.0,11.0
Female,58,24,70,,13.0,12.0,5.0,10.0,5.0,8.0,17.0
Female,58,25,66,3.0,11.0,13.0,4.0,9.0,11.0,5.0,10.0
Female,58,26,84,1.0,13.0,26.0,14.0,6.0,5.0,7.0,12.0
Female,58,27,82,2.0,9.0,26.0,11.0,8.0,12.0,6.0,8.0
Female,58,28,62,2.0,13.0,15.0,7.0,10.0,9.0,1.0,5.0
Female,58,29,75,5.0,15.0,23.0,11.0,8.0,6.0,1.0,6.0
Female,58,30,67,4.0,12.0,20.0,17.0,7.0,1.0,1.0,5.0
Female,58,31,70,2.0,28.0,16.0,10.0,3.0,5.0,4.0,2.0
Female,58,32,77,15.0,31.0,12.0,3.0,4.0,5.0,3.0,4.0
Female,58,33,63,31.0,16.0,3.0,3.0,3.0,4.0,2.0,1.0
Female,58,34,53,14.0,13.0,8.0,3.0,4.0,3.0,5.0,3.0
Female,58,35,55,17.0,14.0,7.0,4.0,5.0,3.0,3.0,2.0
Female,58,36,73,16.0,16.0,11.0,3.0,4.0,7.0,5.0,11.0
Female,58,37,33,12.0,8.0,2.0,7.0,,,,4.0
Female,58,38,2,,1.0,,,,,,1.0
Female,59,5,19,2.0,1.0,,2.0,,3.0,3.0,8.0
Female,59,6,18,2.0,1.0,,2.0,2.0,4.0,1.0,6.0
Female,59,7,29,,1.0,2.0,3.0,3.0,3.0,6.0,11.0
Female,59,8,17,1.0,1.0,3.0,4.0,,2.0,1.0,5.0
Female,59,9,29,,3.0,,2.0,1.0,3.0,8.0,12.0
Female,59,10,21,2.0,1.0,2.0,3.0,1.0,1.0,5.0,6.0
Female,59,11,39,4.0,3.0,1.0,1.0,4.0,,6.0,20.0
Female,59,12,54,1.0,5.0,6.0,8.0,6.0,3.0,8.0,17.0
Female,59,13,51,7.0,6.0,2.0,5.0,8.0,5.0,10.0,8.0
Female,59,14,41,2.0,6.0,1.0,5.0,5.0,3.0,3.0,16.0
Female,59,15,53,2.0,9.0,4.0,3.0,3.0,8.0,5.0,19.0
Female,59,16,47,3.0,8.0,1.0,5.0,10.0,5.0,4.0,11.0
Female,59,17,62,6.0,15.0,5.0,9.0,4.0,1.0,5.0,17.0
Female,59,18,71,4.0,19.0,9.0,7.0,3.0,8.0,8.0,13.0
Female,59,19,69,6.0,11.0,7.0,7.0,7.0,8.0,6.0,17.0
Female,59,20,81,7.0,21.0,9.0,12.0,7.0,7.0,5.0,13.0
Female,59,21,62,3.0,13.0,7.0,4.0,6.0,11.0,8.0,10.0
Female,59,22,68,7.0,17.0,6.0,6.0,10.0,6.0,7.0,9.0
Female,59,23,65,5.0,14.0,8.0,5.0,9.0,5.0,6.0,13.0
Female,59,24,79,11.0,26.0,5.0,9.0,8.0,7.0,7.0,6.0
Female,59,25,79,7.0,27.0,9.0,5.0,6.0,7.0,9.0,9.0
Female,59,26,75,10.0,22.0,14.0,11.0,7.0,2.0,3.0,6.0
Female,59,27,77,12.0,17.0,8.0,8.0,13.0,7.0,9.0,3.0
Female,59,28,80,8.0,19.0,7.0,13.0,17.0,8.0,7.0,1.0
Female,59,29,68,14.0,27.0,5.0,10.0,7.0,2.0,1.0,2.0
Female,59,30,61,11.0,26.0,11.0,6.0,2.0,1.0,2.0,2.0
Female,59,31,64,6.0,34.0,9.0,2.0,3.0,4.0,3.0,3.0
Female,59,32,64,21.0,28.0,4.0,3.0,4.0,2.0,,2.0
Female,59,33,47,23.0,12.0,1.0,4.0,2.0,5.0,,
Female,59,34,36,13.0,6.0,3.0,4.0,3.0,2.0,2.0,3.0
Female,59,35,34,12.0,12.0,5.0,1.0,1.0,1.0,1.0,1.0
Female,59,36,46,12.0,9.0,3.0,2.0,5.0,5.0,5.0,5.0
Female,59,37,59,20.0,13.0,11.0,1.0,6.0,5.0,,3.0
Female,59,38,20,8.0,3.0,2.0,2.0,1.0,2.0,2.0,
Female,59,39,2,1.0,,1.0,,,,,
Female,60,5,11,1.0,3.0,,2.0,2.0,1.0,,2.0
Female,60,6,9,,,1.0,,1.0,1.0,2.0,4.0
Female,60,7,15,1.0,1.0,5.0,,1.0,1.0,1.0,5.0
Female,60,8,6,,,1.0,,1.0,1.0,1.0,2.0
Female,60,9,16,1.0,2.0,1.0,3.0,1.0,4.0,1.0,3.0
Female,60,10,13,3.0,,,,,2.0,3.0,5.0
Female,60,11,19,2.0,,3.0,1.0,1.0,1.0,2.0,9.0
Female,60,12,28,3.0,3.0,3.0,2.0,3.0,6.0,1.0,7.0
Female,60,13,32,7.0,2.0,4.0,,5.0,5.0,1.0,8.0
Female,60,14,26,5.0,2.0,1.0,1.0,6.0,2.0,2.0,7.0
Female,60,15,28,1.0,2.0,4.0,1.0,7.0,3.0,4.0,6.0
Female,60,16,27,1.0,6.0,1.0,3.0,3.0,3.0,4.0,6.0
Female,60,17,42,11.0,6.0,5.0,2.0,4.0,5.0,3.0,6.0
Female,60,18,39,8.0,3.0,7.0,6.0,2.0,4.0,2.0,7.0
Female,60,19,40,5.0,8.0,5.0,5.0,1.0,4.0,2.0,10.0
Female,60,20,51,12.0,1.0,9.0,4.0,2.0,7.0,6.0,10.0
Female,60,21,50,10.0,10.0,8.0,3.0,8.0,3.0,3.0,5.0
Female,60,22,45,10.0,4.0,6.0,3.0,8.0,7.0,3.0,4.0
Female,60,23,41,12.0,7.0,2.0,7.0,4.0,4.0,1.0,4.0
Female,60,24,46,18.0,3.0,5.0,5.0,2.0,5.0,3.0,5.0
Female,60,25,38,10.0,6.0,7.0,6.0,2.0,3.0,2.0,2.0
Female,60,26,46,10.0,8.0,3.0,2.0,6.0,5.0,6.0,6.0
Female,60,27,55,18.0,9.0,11.0,4.0,3.0,5.0,1.0,4.0
Female,60,28,47,10.0,9.0,7.0,2.0,10.0,4.0,1.0,4.0
Female,60,29,43,10.0,12.0,6.0,3.0,8.0,1.0,,3.0
Female,60,30,36,6.0,9.0,10.0,5.0,2.0,3.0,1.0,
Female,60,31,36,6.0,18.0,3.0,2.0,4.0,2.0,1.0,
Female,60,32,48,24.0,10.0,6.0,2.0,2.0,2.0,1.0,1.0
Female,60,33,30,19.0,8.0,,,2.0,1.0,,
Female,60,34,20,6.0,5.0,,2.0,2.0,1.0,1.0,3.0
Female,60,35,18,5.0,5.0,,3.0,2.0,,2.0,1.0
Female,60,36,17,6.0,3.0,2.0,,2.0,1.0,1.0,2.0
Female,60,37,18,8.0,6.0,1.0,,,1.0,,2.0
Female,60,38,19,6.0,7.0,3.0,1.0,,1.0,,1.0
Female,60,39,7,2.0,1.0,,,2.0,,2.0,
Female,60,40,1,,,1.0,,,,,
Female,61,5,8,,,,,,3.0,2.0,3.0
Female,61,6,11,1.0,,1.0,,3.0,1.0,,5.0
Female,61,7,10,2.0,1.0,1.0,,2.0,1.0,,3.0
Female,61,8,10,2.0,2.0,2.0,,1.0,1.0,1.0,1.0
Female,61,9,6,,,,1.0,1.0,1.0,,3.0
Female,61,10,7,,1.0,,1.0,1.0,2.0,,2.0
Female,61,11,17,1.0,2.0,3.0,,3.0,,2.0,6.0
Female,61,12,17,2.0,2.0,1.0,1.0,1.0,1.0,2.0,7.0
Female,61,13,15,,1.0,,2.0,2.0,2.0,4.0,4.0
Female,61,14,28,3.0,2.0,6.0,,5.0,5.0,3.0,4.0
Female,61,15,23,1.0,5.0,1.0,3.0,2.0,2.0,2.0,7.0
Female,61,16,22,1.0,2.0,4.0,2.0,4.0,4.0,1.0,4.0
Female,61,17,29,6.0,3.0,3.0,4.0,5.0,3.0,1.0,4.0
Female,61,18,28,4.0,3.0,5.0,5.0,2.0,2.0,1.0,6.0
Female,61,19,32,1.0,12.0,3.0,7.0,3.0,,5.0,1.0
Female,61,20,19,7.0,3.0,3.0,1.0,2.0,2.0,,1.0
Female,61,21,29,4.0,5.0,9.0,3.0,1.0,4.0,1.0,2.0
Female,61,22,30,12.0,10.0,2.0,1.0,1.0,1.0,1.0,2.0
Female,61,23,27,5.0,4.0,4.0,2.0,4.0,,3.0,5.0
Female,61,24,23,5.0,7.0,2.0,,4.0,3.0,,2.0
Female,61,25,34,5.0,9.0,9.0,1.0,6.0,1.0,1.0,2.0
Female,61,26,24,5.0,8.0,2.0,4.0,2.0,,3.0,
Female,61,27,26,8.0,6.0,2.0,,5.0,2.0,2.0,1.0
Female,61,28,24,7.0,1.0,4.0,1.0,7.0,3.0,,1.0
Female,61,29,39,9.0,6.0,8.0,4.0,6.0,2.0,2.0,2.0
Female,61,30,26,5.0,3.0,6.0,3.0,6.0,1.0,,2.0
Female,61,31,34,11.0,11.0,5.0,2.0,1.0,2.0,1.0,1.0
Female,61,32,20,11.0,3.0,3.0,2.0,,,1.0,
Female,61,33,16,12.0,2.0,,,1.0,,1.0,
Female,61,34,9,4.0,2.0,2.0,,1.0,,,
Female,61,35,14,5.0,4.0,1.0,1.0,1.0,1.0,1.0,
Female,61,36,13,2.0,5.0,2.0,,1.0,2.0,,1.0
Female,61,37,12,4.0,3.0,,,1.0,2.0,2.0,
Female,61,38,20,9.0,5.0,1.0,,1.0,1.0,1.0,2.0
Female,61,39,13,1.0,6.0,2.0,1.0,,2.0,,1.0
Female,61,40,6,,2.0,1.0,1.0,2.0,,,
Female,62,5,6,1.0,,1.0,3.0,,1.0,,
Female,62,6,9,,,1.0,1.0,1.0,2.0,,4.0
Female,62,7,9,2.0,1.0,,3.0,1.0,2.0,,
Female,62,8,14,2.0,3.0,1.0,1.0,3.0,,1.0,3.0
Female,62,9,5,,,1.0,,2.0,1.0,,1.0
Female,62,10,5,1.0,1.0,1.0,,2.0,,,
Female,62,11,11,3.0,2.0,,,2.0,1.0,1.0,2.0
Female,62,12,11,2.0,1.0,1.0,3.0,,,,4.0
Female,62,13,17,3.0,4.0,1.0,2.0,,3.0,2.0,2.0
Female,62,14,13,3.0,4.0,2.0,1.0,1.0,,2.0,
Female,62,15,24,2.0,4.0,2.0,2.0,1.0,3.0,4.0,6.0
Female,62,16,14,1.0,2.0,2.0,3.0,2.0,,,4.0
Female,62,17,18,4.0,4.0,2.0,3.0,2.0,2.0,,1.0
Female,62,18,20,4.0,3.0,1.0,5.0,1.0,4.0,,2.0
Female,62,19,16,3.0,2.0,,2.0,4.0,3.0,,2.0
Female,62,20,12,1.0,5.0,2.0,2.0,2.0,,,
Female,62,21,8,1.0,2.0,,3.0,1.0,,,1.0
Female,62,22,19,5.0,2.0,2.0,4.0,3.0,,,3.0
Female,62,23,27,6.0,4.0,1.0,7.0,4.0,1.0,,4.0
Female,62,24,16,4.0,4.0,2.0,2.0,2.0,2.0,,
Female,62,25,17,1.0,8.0,1.0,3.0,1.0,1.0,,2.0
Female,62,26,17,2.0,5.0,2.0,2.0,,4.0,,2.0
Female,62,27,31,5.0,5.0,7.0,2.0,5.0,1.0,,6.0
Female,62,28,22,7.0,2.0,4.0,4.0,4.0,,,1.0
Female,62,29,13,2.0,4.0,3.0,1.0,1.0,1.0,1.0,
Female,62,30,15,6.0,1.0,1.0,5.0,,1.0,1.0,
Female,62,31,18,4.0,4.0,5.0,2.0,3.0,,,
Female,62,32,21,6.0,9.0,4.0,1.0,,,1.0,
Female,62,33,13,6.0,4.0,1.0,1.0,1.0,,,
Female,62,34,14,3.0,,2.0,3.0,3.0,1.0,,2.0
Female,62,35,8,5.0,,,,1.0,1.0,1.0,
Female,62,36,8,2.0,3.0,2.0,,,1.0,,
Female,62,37,3,1.0,1.0,,,1.0,,,
Female,62,38,4,2.0,1.0,,,1.0,,,
Female,62,39,13,3.0,5.0,2.0,1.0,2.0,,,
Female,62,40,12,3.0,3.0,2.0,,2.0,1.0,,1.0
Female,62,41,4,1.0,2.0,,,,,,1.0
Female,62,42,1,1.0,,,,,,,
Female,63,5,6,1.0,,1.0,2.0,,,,2.0
Female,63,6,6,,,2.0,3.0,1.0,,,
Female,63,7,5,,2.0,1.0,2.0,,,,
Female,63,8,5,,1.0,2.0,,1.0,,,1.0
Female,63,9,3,2.0,,1.0,,,,,
Female,63,10,11,,3.0,2.0,,1.0,1.0,1.0,3.0
Female,63,11,8,,1.0,2.0,,2.0,2.0,1.0,
Female,63,12,5,,1.0,,1.0,,1.0,,2.0
Female,63,13,6,3.0,1.0,,1.0,,,,1.0
Female,63,14,14,2.0,3.0,4.0,,,1.0,1.0,3.0
Female,63,15,12,3.0,2.0,2.0,,,2.0,,3.0
Female,63,16,15,4.0,2.0,1.0,,2.0,1.0,1.0,4.0
Female,63,17,14,4.0,3.0,2.0,4.0,1.0,,,
Female,63,18,17,3.0,4.0,4.0,1.0,,2.0,2.0,1.0
Female,63,19,18,3.0,2.0,4.0,1.0,1.0,1.0,1.0,5.0
Female,63,20,11,6.0,3.0,,,,,,2.0
Female,63,21,17,1.0,2.0,4.0,3.0,6.0,,,1.0
Female,63,22,17,3.0,2.0,2.0,2.0,1.0,2.0,2.0,3.0
Female,63,23,20,8.0,2.0,5.0,2.0,,2.0,1.0,
Female,63,24,15,2.0,5.0,1.0,2.0,3.0,1.0,,1.0
Female,63,25,23,6.0,7.0,,6.0,1.0,3.0,,
Female,63,26,15,5.0,5.0,,2.0,3.0,,,
Female,63,27,22,5.0,5.0,6.0,4.0,1.0,1.0,,
Female,63,28,14,4.0,2.0,3.0,2.0,2.0,,1.0,
Female,63,29,10,2.0,2.0,3.0,2.0,1.0,,,
Female,63,30,16,4.0,4.0,1.0,1.0,5.0,,,1.0
Female,63,31,20,1.0,6.0,4.0,4.0,2.0,1.0,,2.0
Female,63,32,16,9.0,4.0,2.0,,1.0,,,
Female,63,33,11,6.0,3.0,,1.0,1.0,,,
Female,63,34,7,5.0,,,,,2.0,,
Female,63,35,7,4.0,2.0,1.0,,,,,
Female,63,36,7,1.0,2.0,1.0,,,,2.0,1.0
Female,63,37,9,1.0,3.0,1.0,1.0,1.0,,,2.0
Female,63,38,10,1.0,3.0,1.0,1.0,2.0,,1.0,1.0
Female,63,39,6,3.0,2.0,,,,1.0,,
Female,63,40,7,2.0,2.0,,,1.0,,,2.0
Female,63,41,11,5.0,4.0,,,,1.0,,1.0
Female,63,42,7,4.0,,1.0,,,1.0,,1.0
Female,63,43,1,1.0,,,,,,,
Female,64,5,2,,1.0,,,,,,1.0
Female,64,6,3,1.0,,1.0,1.0,,,,
Female,64,7,3,2.0,,,1.0,,,,
Female,64,8,3,,1.0,,,,,1.0,1.0
Female,64,9,5,1.0,1.0,1.0,,,,1.0,1.0
Female,64,10,3,,,1.0,,,1.0,,1.0
Female,64,11,5,3.0,1.0,,,,,,1.0
Female,64,12,7,2.0,,1.0,1.0,,,,3.0
Female,64,13,10,2.0,,1.0,3.0,,1.0,,3.0
Female,64,14,9,,1.0,1.0,2.0,2.0,3.0,,
Female,64,15,10,,5.0,,,2.0,1.0,,2.0
Female,64,16,6,2.0,,,1.0,2.0,,,1.0
Female,64,17,12,,6.0,,,2.0,,2.0,2.0
Female,64,18,12,2.0,2.0,4.0,,1.0,,2.0,1.0
Female,64,19,12,3.0,4.0,1.0,,,1.0,1.0,2.0
Female,64,20,10,1.0,2.0,1.0,3.0,1.0,,2.0,
Female,64,21,7,2.0,1.0,2.0,,,,2.0,
Female,64,22,9,2.0,4.0,,,1.0,,,2.0
Female,64,23,9,3.0,3.0,2.0,,1.0,,,
Female,64,24,10,2.0,1.0,2.0,1.0,1.0,1.0,2.0,
Female,64,25,10,1.0,2.0,3.0,2.0,,,,2.0
Female,64,26,17,4.0,5.0,1.0,3.0,1.0,2.0,1.0,
Female,64,27,14,4.0,3.0,3.0,1.0,1.0,1.0,1.0,
Female,64,28,9,2.0,4.0,,1.0,1.0,,1.0,
Female,64,29,10,3.0,4.0,1.0,,1.0,,,1.0
Female,64,30,14,5.0,3.0,1.0,1.0,1.0,2.0,,1.0
Female,64,31,9,4.0,5.0,,,,,,
Female,64,32,11,2.0,4.0,2.0,2.0,,,,1.0
Female,64,33,4,1.0,2.0,1.0,,,,,
Female,64,34,3,1.0,2.0,,,,,,
Female,64,35,8,1.0,5.0,2.0,,,,,
Female,64,36,4,1.0,2.0,,,,,1.0,
Female,64,37,5,1.0,,,,2.0,,,2.0
Female,64,38,4,1.0,2.0,,1.0,,,,
Female,64,39,3,,2.0,1.0,,,,,
Female,64,40,2,1.0,1.0,,,,,,
Female,64,41,3,2.0,,,,1.0,,,
Female,64,42,9,1.0,3.0,2.0,,,1.0,1.0,1.0
Female,64,43,3,1.0,,1.0,,,,,1.0
Female,65,5,2,,,,,,,1.0,1.0
Female,65,6,3,,,3.0,,,,,
Female,65,7,1,,,,,1.0,,,
Female,65,8,1,1.0,,,,,,,
Female,65,9,4,1.0,,1.0,,,,,2.0
Female,65,10,2,1.0,,,,1.0,,,
Female,65,12,6,2.0,1.0,1.0,1.0,,,,1.0
Female,65,13,3,1.0,1.0,1.0,,,,,
Female,65,14,5,,1.0,1.0,1.0,,1.0,1.0,
Female,65,15,3,1.0,1.0,1.0,,,,,
Female,65,16,12,5.0,3.0,3.0,1.0,,,,
Female,65,17,7,,2.0,,1.0,2.0,,,2.0
Female,65,18,3,2.0,,,,,1.0,,
Female,65,19,7,2.0,2.0,,2.0,,,1.0,
Female,65,20,8,2.0,1.0,3.0,,2.0,,,
Female,65,21,8,2.0,3.0,,,1.0,,,2.0
Female,65,22,11,4.0,1.0,1.0,2.0,,2.0,,1.0
Female,65,23,12,5.0,2.0,,,1.0,1.0,1.0,2.0
Female,65,24,9,5.0,3.0,1.0,,,,,
Female,65,25,3,2.0,,1.0,,,,,
Female,65,26,4,3.0,,,1.0,,,,
Female,65,27,12,4.0,2.0,,2.0,3.0,,,1.0
Female,65,28,15,8.0,,3.0,1.0,,1.0,2.0,
Female,65,29,5,2.0,3.0,,,,,,
Female,65,30,7,2.0,2.0,1.0,1.0,,1.0,,
Female,65,31,7,3.0,3.0,1.0,,,,,
Female,65,32,5,3.0,1.0,,,,,,1.0
Female,65,33,2,1.0,,,,,,,1.0
Female,65,34,2,2.0,,,,,,,
Female,65,35,4,1.0,2.0,,,,,,1.0
Female,65,36,2,,1.0,,1.0,,,,
Female,65,37,1,,1.0,,,,,,
Female,65,38,3,2.0,,,,1.0,,,
Female,65,39,5,1.0,2.0,1.0,,1.0,,,
Female,65,40,1,1.0,,,,,,,
Female,65,41,2,1.0,,1.0,,,,,
Female,65,42,3,2.0,,,,,1.0,,
Female,65,43,5,,1.0,1.0,,1.0,,,2.0
Female,65,44,2,1.0,,,1.0,,,,
Female,65,45,1,,,,,,1.0,,
Male,47,5,10,1.0,,,,,,,9.0
Male,47,6,10,,,,,,,,10.0
Male,47,7,13,,,,,1.0,,,12.0
Male,47,8,10,2.0,,,,,,,8.0
Male,47,9,8,1.0,,,,,,,7.0
Male,47,10,11,,,,,,,,11.0
Male,47,11,14,,,,1.0,,,,13.0
Male,47,12,14,,,,,,1.0,,13.0
Male,47,13,28,,,,1.0,,,,27.0
Male,47,14,14,,,,,,,,14.0
Male,47,15,20,,,,,,2.0,,18.0
Male,47,16,17,,,,1.0,,,,16.0
Male,47,17,20,,,,,,,,20.0
Male,47,18,16,,,,,,,,16.0
Male,47,19,23,,,,,,1.0,,22.0
Male,47,20,27,1.0,,,,,,,26.0
Male,47,21,43,2.0,2.0,,,,,,39.0
Male,47,22,45,,,,,,,,45.0
Male,47,23,46,,,,,,,,46.0
Male,47,24,59,,,,,,,1.0,58.0
Male,47,25,63,,,,,,,,63.0
Male,47,26,26,,,,,,,,26.0
Male,47,27,2,,,,,,,,2.0
Male,48,5,10,,,1.0,1.0,,,,8.0
Male,48,6,12,,,,3.0,,,,9.0
Male,48,7,22,,,,,,,,22.0
Male,48,8,13,,,,,,,,13.0
Male,48,9,15,,,,,,,1.0,14.0
Male,48,10,11,,,,,,1.0,1.0,9.0
Male,48,11,15,1.0,,1.0,,,,,13.0
Male,48,12,14,,,,,,,,14.0
Male,48,13,13,1.0,,,,1.0,,1.0,10.0
Male,48,14,12,,,,,1.0,,,11.0
Male,48,15,17,1.0,,,,,1.0,,15.0
Male,48,16,18,,,,,,,,18.0
Male,48,17,9,,,,,,,,9.0
Male,48,18,21,,,,,,,1.0,20.0
Male,48,19,21,,,,,,,,21.0
Male,48,20,23,,,,,,,2.0,21.0
Male,48,21,21,1.0,,,,,,,20.0
Male,48,22,42,,,,,,,,42.0
Male,48,23,32,,1.0,,,,,1.0,30.0
Male,48,24,33,,,1.0,,,,,32.0
Male,48,25,74,1.0,,,,,1.0,1.0,71.0
Male,48,26,82,,,,,,,1.0,81.0
Male,48,27,38,1.0,,,,,,10.0,27.0
Male,48,28,1,,,,,,,,1.0
Male,48,29,1,,,,,,,1.0,
Male,49,5,18,1.0,,,,,,1.0,16.0
Male,49,6,17,1.0,,,,1.0,,,15.0
Male,49,7,13,1.0,2.0,,,,,,10.0
Male,49,8,5,1.0,,,,1.0,,,3.0
Male,49,9,9,,,,,,,1.0,8.0
Male,49,10,9,,,,1.0,,1.0,,7.0
Male,49,11,9,,,,,,,,9.0
Male,49,12,18,1.0,,,,1.0,,1.0,15.0
Male,49,13,15,1.0,,,,,,1.0,13.0
Male,49,14,12,,,,,,,,12.0
Male,49,15,12,,,,,1.0,1.0,,10.0
Male,49,16,14,,1.0,,,,,,13.0
Male,49,17,15,,1.0,,,,,1.0,13.0
Male,49,18,4,,,,,,,1.0,3.0
Male,49,19,30,,,,,,2.0,2.0,26.0
Male,49,20,21,,,,1.0,1.0,1.0,1.0,17.0
Male,49,21,31,,1.0,1.0,,1.0,1.0,1.0,26.0
Male,49,22,22,,,,,,,3.0,19.0
Male,49,23,31,2.0,,,,,,4.0,25.0
Male,49,24,28,,,,,,,2.0,26.0
Male,49,25,36,,,,,,1.0,,35.0
Male,49,26,72,,,,,,2.0,5.0,65.0
Male,49,27,102,,,,,,2.0,38.0,62.0
Male,49,28,36,,,,1.0,,16.0,9.0,10.0
Male,49,29,1,,,,,,,,1.0
Male,50,5,5,,1.0,,,,,,4.0
Male,50,6,16,,,,1.0,,,1.0,14.0
Male,50,7,12,,1.0,,,1.0,,1.0,9.0
Male,50,8,14,,,,,1.0,1.0,1.0,11.0
Male,50,9,10,,,,,,1.0,,9.0
Male,50,10,10,,,,,,,,10.0
Male,50,11,16,,1.0,,,,,,15.0
Male,50,12,15,,,,,,,1.0,14.0
Male,50,13,9,,,,,,,1.0,8.0
Male,50,14,10,,1.0,,,,,1.0,8.0
Male,50,15,10,,,,,,1.0,,9.0
Male,50,16,20,,,,,,1.0,2.0,17.0
Male,50,17,23,,,,,1.0,,3.0,19.0
Male,50,18,15,,,,,,1.0,,14.0
Male,50,19,16,,,,,1.0,,3.0,12.0
Male,50,20,12,,,,,,,1.0,11.0
Male,50,21,19,,,,,,,1.0,18.0
Male,50,22,25,,,,,2.0,2.0,,21.0
Male,50,23,31,,,,,1.0,2.0,2.0,26.0
Male,50,24,32,1.0,,,,1.0,2.0,2.0,26.0
Male,50,25,55,,,1.0,1.0,,1.0,2.0,50.0
Male,50,26,53,1.0,,2.0,,,6.0,2.0,42.0
Male,50,27,87,1.0,,,,3.0,7.0,36.0,40.0
Male,50,28,124,,,,,7.0,61.0,30.0,26.0
Male,50,29,53,,,,,17.0,19.0,5.0,12.0
Male,50,30,2,,,,,2.0,,,
Male,50,31,1,,,,,,,,1.0
Male,51,5,14,,,,,,,1.0,13.0
Male,51,6,14,,,,,,,,14.0
Male,51,7,10,,,,,,,,10.0
Male,51,8,9,,,,,,,,9.0
Male,51,9,10,,,1.0,,,1.0,,8.0
Male,51,10,9,,,,1.0,,1.0,,7.0
Male,51,11,12,1.0,,,,,1.0,,10.0
Male,51,12,23,1.0,,,1.0,,1.0,1.0,19.0
Male,51,13,11,,,,,1.0,,1.0,9.0
Male,51,14,15,,1.0,,,,1.0,,13.0
Male,51,15,15,,,,,,,1.0,14.0
Male,51,16,14,,,,,,,2.0,12.0
Male,51,17,22,,,,,,1.0,,21.0
Male,51,18,14,,,,,,,3.0,11.0
Male,51,19,18,,,,,2.0,1.0,1.0,14.0
Male,51,20,15,,1.0,,,,,1.0,13.0
Male,51,21,19,2.0,,,1.0,,1.0,1.0,14.0
Male,51,22,27,2.0,,,1.0,,,1.0,23.0
Male,51,23,14,,,,,1.0,1.0,,12.0
Male,51,24,17,,,,3.0,1.0,1.0,3.0,9.0
Male,51,25,29,,,,,,2.0,2.0,25.0
Male,51,26,37,,,,,2.0,2.0,3.0,30.0
Male,51,27,59,,,1.0,,6.0,3.0,22.0,27.0
Male,51,28,132,,,1.0,3.0,11.0,58.0,32.0,27.0
Male,51,29,124,1.0,,,7.0,47.0,42.0,8.0,19.0
Male,51,30,43,,,1.0,16.0,9.0,5.0,4.0,8.0
Male,52,5,10,,,,,,,,10.0
Male,52,6,10,1.0,,,,,,,9.0
Male,52,7,9,,,2.0,1.0,,,,6.0
Male,52,8,11,,,,,,,1.0,10.0
Male,52,9,14,,,1.0,,,,,13.0
Male,52,10,9,,1.0,,,1.0,,1.0,6.0
Male,52,11,13,,1.0,,,,1.0,,11.0
Male,52,12,22,,,,,,,2.0,20.0
Male,52,13,13,,,1.0,,,,,12.0
Male,52,14,11,,,1.0,1.0,,,2.0,7.0
Male,52,15,18,,,,1.0,1.0,,,16.0
Male,52,16,11,,,,,,1.0,,10.0
Male,52,17,15,,,,,,1.0,,14.0
Male,52,18,10,,,,1.0,,,1.0,8.0
Male,52,19,15,,,,,1.0,1.0,,13.0
Male,52,20,13,,,,3.0,,,,10.0
Male,52,21,15,1.0,,,,,,1.0,13.0
Male,52,22,17,,,,2.0,,1.0,,14.0
Male,52,23,17,,,,1.0,1.0,2.0,1.0,12.0
Male,52,24,27,,,,2.0,4.0,1.0,2.0,18.0
Male,52,25,24,1.0,,1.0,1.0,1.0,1.0,2.0,17.0
Male,52,26,42,,,,2.0,1.0,3.0,6.0,30.0
Male,52,27,47,1.0,1.0,3.0,2.0,3.0,6.0,14.0,17.0
Male,52,28,92,1.0,,3.0,8.0,10.0,38.0,13.0,19.0
Male,52,29,101,,,2.0,11.0,30.0,27.0,14.0,17.0
Male,52,30,110,,,5.0,52.0,16.0,9.0,10.0,18.0
Male,52,31,94,,,33.0,26.0,13.0,7.0,4.0,11.0
Male,52,32,4,,,2.0,,1.0,1.0,,
Male,53,5,8,,,,,,1.0,1.0,6.0
Male,53,6,12,1.0,,,,,,1.0,10.0
Male,53,7,11,,1.0,,,,,1.0,9.0
Male,53,8,11,,,,1.0,,1.0,1.0,8.0
Male,53,9,17,,,1.0,,2.0,,1.0,13.0
Male,53,10,18,,,,,,,,18.0
Male,53,11,6,,,,,,,,6.0
Male,53,12,13,,1.0,,2.0,,,,10.0
Male,53,13,19,,1.0,,,1.0,,3.0,14.0
Male,53,14,12,,,,,,,,12.0
Male,53,15,20,,,1.0,1.0,,1.0,3.0,14.0
Male,53,16,8,,,,1.0,,,,7.0
Male,53,17,8,,,,,,1.0,1.0,6.0
Male,53,18,20,,,,,2.0,1.0,,17.0
Male,53,19,12,,,,,1.0,2.0,,9.0
Male,53,20,16,1.0,,1.0,,,,4.0,10.0
Male,53,21,17,,,,1.0,2.0,2.0,,12.0
Male,53,22,17,,2.0,,2.0,1.0,1.0,2.0,9.0
Male,53,23,24,,1.0,,,4.0,,3.0,16.0
Male,53,24,23,,,2.0,1.0,2.0,1.0,1.0,16.0
Male,53,25,29,,,1.0,1.0,1.0,1.0,3.0,22.0
Male,53,26,42,,1.0,5.0,1.0,4.0,5.0,11.0,15.0
Male,53,27,56,,2.0,4.0,2.0,5.0,7.0,22.0,14.0
Male,53,28,53,,,7.0,2.0,2.0,28.0,11.0,3.0
Male,53,29,85,,5.0,13.0,7.0,32.0,14.0,3.0,11.0
Male,53,30,116,,3.0,11.0,46.0,21.0,16.0,2.0,17.0
Male,53,31,170,3.0,33.0,56.0,38.0,13.0,6.0,6.0,15.0
Male,53,32,78,,48.0,15.0,3.0,5.0,3.0,2.0,2.0
Male,53,33,3,,2.0,1.0,,,,,
Male,54,5,12,,3.0,1.0,,,,2.0,6.0
Male,54,6,8,,2.0,,1.0,,,1.0,4.0
Male,54,7,15,1.0,,,1.0,1.0,,1.0,11.0
Male,54,8,9,1.0,,1.0,1.0,,,,6.0
Male,54,9,15,,1.0,,,1.0,,2.0,11.0
Male,54,10,9,,,,,,2.0,,7.0
Male,54,11,13,,,,,,3.0,2.0,8.0
Male,54,12,15,,,,,,,1.0,14.0
Male,54,13,17,,1.0,,,,1.0,3.0,12.0
Male,54,14,18,,,,,,2.0,6.0,10.0
Male,54,15,14,1.0,,,,1.0,2.0,2.0,8.0
Male,54,16,17,1.0,,,1.0,2.0,1.0,3.0,9.0
Male,54,17,11,,,,,2.0,,1.0,8.0
Male,54,18,14,,,1.0,1.0,,2.0,4.0,6.0
Male,54,19,19,1.0,2.0,1.0,,,,9.0,6.0
Male,54,20,11,,,,1.0,,1.0,3.0,6.0
Male,54,21,21,1.0,,2.0,3.0,,4.0,2.0,9.0
Male,54,22,15,1.0,,,1.0,,1.0,2.0,10.0
Male,54,23,26,3.0,,,,1.0,5.0,4.0,13.0
Male,54,24,19,,2.0,1.0,3.0,1.0,1.0,4.0,7.0
Male,54,25,14,1.0,1.0,,,1.0,2.0,4.0,5.0
Male,54,26,25,,4.0,,4.0,1.0,,11.0,5.0
Male,54,27,44,,4.0,2.0,1.0,3.0,4.0,26.0,4.0
Male,54,28,44,1.0,8.0,1.0,3.0,,18.0,7.0,6.0
Male,54,29,76,2.0,12.0,4.0,8.0,24.0,9.0,10.0,7.0
Male,54,30,87,4.0,12.0,5.0,33.0,18.0,5.0,5.0,5.0
Male,54,31,136,2.0,59.0,17.0,24.0,11.0,10.0,5.0,8.0
Male,54,32,212,24.0,111.0,29.0,18.0,10.0,8.0,4.0,8.0
Male,54,33,123,64.0,34.0,6.0,6.0,2.0,4.0,3.0,4.0
Male,55,5,11,,,1.0,,,1.0,1.0,8.0
Male,55,6,14,,1.0,,,1.0,5.0,2.0,5.0
Male,55,7,11,1.0,2.0,,,,,,8.0
Male,55,8,14,,,,,1.0,3.0,2.0,8.0
Male,55,9,16,1.0,1.0,1.0,,2.0,2.0,2.0,7.0
Male,55,10,14,1.0,,,1.0,,2.0,2.0,8.0
Male,55,11,10,3.0,,,,,,,7.0
Male,55,12,17,1.0,1.0,,1.0,2.0,5.0,1.0,6.0
Male,55,13,8,2.0,,,,1.0,2.0,1.0,2.0
Male,55,14,13,,,1.0,1.0,,1.0,3.0,7.0
Male,55,15,16,1.0,1.0,,,1.0,5.0,2.0,6.0
Male,55,16,12,1.0,1.0,,1.0,1.0,,,8.0
Male,55,17,10,,,,,1.0,4.0,,5.0
Male,55,18,14,,,,1.0,1.0,3.0,1.0,8.0
Male,55,19,8,2.0,,,,,1.0,1.0,4.0
Male,55,20,18,1.0,2.0,1.0,,2.0,3.0,2.0,7.0
Male,55,21,9,,,1.0,1.0,2.0,1.0,,4.0
Male,55,22,13,1.0,1.0,,,1.0,3.0,2.0,5.0
Male,55,23,17,1.0,1.0,1.0,,1.0,4.0,1.0,8.0
Male,55,24,8,,1.0,1.0,1.0,,1.0,,4.0
Male,55,25,15,1.0,,,2.0,2.0,2.0,1.0,7.0
Male,55,26,25,,1.0,2.0,3.0,3.0,7.0,2.0,7.0
Male,55,27,33,1.0,4.0,2.0,2.0,2.0,11.0,5.0,6.0
Male,55,28,44,2.0,8.0,4.0,7.0,6.0,14.0,,3.0
Male,55,29,58,4.0,5.0,3.0,3.0,25.0,10.0,3.0,5.0
Male,55,30,76,4.0,5.0,7.0,27.0,13.0,7.0,6.0,7.0
Male,55,31,98,4.0,48.0,12.0,14.0,6.0,3.0,3.0,8.0
Male,55,32,191,56.0,89.0,20.0,10.0,6.0,3.0,3.0,4.0
Male,55,33,232,124.0,56.0,10.0,12.0,8.0,8.0,6.0,8.0
Male,55,34,40,16.0,9.0,6.0,1.0,1.0,,4.0,3.0
Male,55,35,1,1.0,,,,,,,
Male,56,5,9,1.0,,,1.0,,,,7.0
Male,56,6,9,1.0,2.0,,,,1.0,1.0,4.0
Male,56,7,10,,,,,,,,10.0
Male,56,8,7,,,,,,,,7.0
Male,56,9,14,1.0,,,,1.0,2.0,2.0,8.0
Male,56,10,10,,,,1.0,,1.0,2.0,6.0
Male,56,11,8,,,,,2.0,,1.0,5.0
Male,56,12,20,1.0,4.0,1.0,2.0,,3.0,,9.0
Male,56,13,20,1.0,,1.0,,5.0,1.0,1.0,11.0
Male,56,14,11,,,,,,2.0,6.0,3.0
Male,56,15,5,,,,,,,1.0,4.0
Male,56,16,6,1.0,,,1.0,,,1.0,3.0
Male,56,17,16,,,,,7.0,2.0,2.0,5.0
Male,56,18,15,,,1.0,2.0,4.0,6.0,2.0,
Male,56,19,12,,,,,3.0,2.0,2.0,5.0
Male,56,20,14,,,2.0,,4.0,2.0,1.0,5.0
Male,56,21,13,1.0,,1.0,1.0,3.0,,1.0,6.0
Male,56,22,9,,,,1.0,3.0,,1.0,4.0
Male,56,23,12,,4.0,,1.0,2.0,,1.0,4.0
Male,56,24,7,,1.0,1.0,1.0,1.0,,2.0,1.0
Male,56,25,13,,,1.0,,2.0,2.0,1.0,7.0
Male,56,26,25,,4.0,1.0,1.0,6.0,1.0,4.0,8.0
Male,56,27,21,1.0,4.0,1.0,3.0,5.0,1.0,2.0,4.0
Male,56,28,35,,6.0,,2.0,18.0,4.0,,5.0
Male,56,29,36,1.0,9.0,,5.0,8.0,7.0,1.0,5.0
Male,56,30,42,2.0,2.0,8.0,12.0,12.0,2.0,1.0,3.0
Male,56,31,67,2.0,27.0,13.0,7.0,12.0,1.0,1.0,4.0
Male,56,32,97,26.0,43.0,13.0,6.0,3.0,2.0,1.0,3.0
Male,56,33,113,54.0,31.0,4.0,6.0,6.0,4.0,6.0,2.0
Male,56,34,73,22.0,20.0,11.0,5.0,7.0,2.0,4.0,2.0
Male,56,35,17,6.0,6.0,,1.0,1.0,1.0,1.0,1.0
Male,56,36,1,,,1.0,,,,,
Male,57,5,6,1.0,1.0,,,,1.0,,3.0
Male,57,6,9,,,1.0,,1.0,1.0,,6.0
Male,57,7,5,,,,,1.0,1.0,,3.0
Male,57,8,10,,,1.0,,1.0,1.0,,7.0
Male,57,9,5,1.0,,,1.0,,,,3.0
Male,57,10,9,,,,1.0,2.0,1.0,,5.0
Male,57,11,9,1.0,,,1.0,1.0,2.0,,4.0
Male,57,12,16,,,1.0,1.0,1.0,1.0,,12.0
Male,57,13,10,1.0,,,3.0,1.0,,1.0,4.0
Male,57,14,8,,,,1.0,1.0,2.0,2.0,2.0
Male,57,15,8,,,1.0,1.0,,3.0,,3.0
Male,57,16,10,1.0,1.0,,,1.0,,,7.0
Male,57,17,16,,1.0,,4.0,1.0,4.0,2.0,4.0
Male,57,18,11,2.0,,1.0,,4.0,1.0,,3.0
Male,57,19,12,,1.0,1.0,2.0,1.0,3.0,,4.0
Male,57,20,13,,,1.0,2.0,4.0,3.0,1.0,2.0
Male,57,21,17,,,3.0,2.0,4.0,2.0,1.0,5.0
Male,57,22,15,,2.0,1.0,4.0,4.0,1.0,1.0,2.0
Male,57,23,12,,,3.0,3.0,2.0,1.0,2.0,1.0
Male,57,24,12,1.0,2.0,2.0,2.0,,2.0,,3.0
Male,57,25,12,,,4.0,2.0,2.0,,2.0,2.0
Male,57,26,18,,,4.0,4.0,3.0,2.0,1.0,4.0
Male,57,27,16,1.0,3.0,1.0,4.0,1.0,1.0,3.0,2.0
Male,57,28,14,2.0,,1.0,7.0,2.0,,,2.0
Male,57,29,31,2.0,5.0,4.0,8.0,7.0,3.0,,2.0
Male,57,30,28,1.0,4.0,,12.0,4.0,5.0,1.0,1.0
Male,57,31,47,1.0,10.0,10.0,13.0,2.0,8.0,2.0,1.0
Male,57,32,69,19.0,31.0,6.0,3.0,1.0,2.0,4.0,3.0
Male,57,33,79,35.0,17.0,10.0,5.0,4.0,3.0,3.0,2.0
Male,57,34,60,18.0,11.0,9.0,10.0,2.0,3.0,2.0,5.0
Male,57,35,35,8.0,14.0,2.0,4.0,1.0,1.0,2.0,3.0
Male,57,36,19,7.0,4.0,2.0,2.0,1.0,3.0,,
Male,57,37,1,,1.0,,,,,,
Male,58,5,7,1.0,,,,1.0,1.0,,4.0
Male,58,6,11,,,1.0,1.0,2.0,,1.0,6.0
Male,58,7,8,,1.0,2.0,,2.0,,,3.0
Male,58,8,6,,,,,1.0,,1.0,4.0
Male,58,9,8,1.0,,,,2.0,,,5.0
Male,58,10,7,,,,1.0,2.0,2.0,,2.0
Male,58,11,3,,1.0,,1.0,,,,1.0
Male,58,12,12,,,,1.0,3.0,1.0,2.0,5.0
Male,58,13,9,,1.0,,,,1.0,1.0,6.0
Male,58,14,10,,,5.0,,,1.0,2.0,2.0
Male,58,15,8,,,,2.0,1.0,1.0,,4.0
Male,58,16,4,,1.0,,,,1.0,,2.0
Male,58,17,11,1.0,2.0,1.0,1.0,1.0,1.0,1.0,3.0
Male,58,18,11,1.0,1.0,3.0,,2.0,1.0,1.0,2.0
Male,58,19,2,,,1.0,,1.0,,,
Male,58,20,16,2.0,,1.0,2.0,2.0,1.0,1.0,7.0
Male,58,21,7,,3.0,2.0,,,1.0,1.0,
Male,58,22,10,,1.0,2.0,1.0,2.0,1.0,1.0,2.0
Male,58,23,6,1.0,1.0,,,1.0,2.0,1.0,
Male,58,24,11,,3.0,1.0,,2.0,1.0,3.0,1.0
Male,58,25,8,,1.0,4.0,,,1.0,1.0,1.0
Male,58,26,14,3.0,1.0,5.0,1.0,,1.0,,3.0
Male,58,27,16,,3.0,2.0,,2.0,2.0,2.0,5.0
Male,58,28,20,1.0,3.0,6.0,3.0,5.0,,1.0,1.0
Male,58,29,14,1.0,5.0,2.0,1.0,3.0,,,2.0
Male,58,30,25,2.0,2.0,12.0,5.0,,1.0,2.0,1.0
Male,58,31,34,3.0,15.0,9.0,2.0,,1.0,1.0,3.0
Male,58,32,47,16.0,19.0,3.0,1.0,,2.0,4.0,2.0
Male,58,33,40,17.0,5.0,7.0,4.0,2.0,3.0,1.0,1.0
Male,58,34,29,9.0,5.0,4.0,4.0,4.0,1.0,1.0,1.0
Male,58,35,27,7.0,12.0,3.0,1.0,,1.0,1.0,2.0
Male,58,36,39,15.0,9.0,5.0,,3.0,3.0,1.0,3.0
Male,58,37,19,8.0,2.0,2.0,4.0,2.0,,1.0,
Male,59,5,7,1.0,,1.0,1.0,1.0,1.0,,2.0
Male,59,6,6,,1.0,,,,,,5.0
Male,59,7,2,,1.0,,,,,,1.0
Male,59,8,5,,2.0,,,1.0,,1.0,1.0
Male,59,9,8,,,1.0,1.0,2.0,1.0,2.0,1.0
Male,59,10,8,,3.0,,,,1.0,,4.0
Male,59,11,9,2.0,,1.0,1.0,,1.0,,4.0
Male,59,12,14,1.0,1.0,,3.0,3.0,1.0,2.0,3.0
Male,59,13,9,1.0,2.0,1.0,,1.0,1.0,1.0,2.0
Male,59,14,12,1.0,1.0,3.0,3.0,,2.0,1.0,1.0
Male,59,15,4,,,1.0,1.0,1.0,,1.0,
Male,59,16,4,,,,,1.0,1.0,1.0,1.0
Male,59,17,5,1.0,,,1.0,1.0,,,2.0
Male,59,18,7,1.0,1.0,1.0,,1.0,,1.0,2.0
Male,59,19,9,,3.0,,,2.0,,,4.0
Male,59,20,11,2.0,2.0,1.0,,3.0,1.0,1.0,1.0
Male,59,21,9,1.0,3.0,,1.0,1.0,1.0,,2.0
Male,59,22,13,,2.0,,2.0,1.0,,1.0,7.0
Male,59,23,10,1.0,4.0,1.0,,2.0,1.0,1.0,
Male,59,24,5,,,1.0,,,,2.0,2.0
Male,59,25,8,,2.0,2.0,2.0,1.0,,1.0,
Male,59,26,14,3.0,2.0,2.0,1.0,1.0,1.0,3.0,1.0
Male,59,27,10,1.0,2.0,1.0,1.0,2.0,2.0,1.0,
Male,59,28,22,4.0,9.0,3.0,1.0,2.0,2.0,,1.0
Male,59,29,25,3.0,8.0,4.0,8.0,1.0,1.0,,
Male,59,30,22,5.0,5.0,7.0,2.0,1.0,1.0,,1.0
Male,59,31,30,,19.0,3.0,2.0,2.0,1.0,,3.0
Male,59,32,36,14.0,11.0,1.0,1.0,2.0,2.0,3.0,2.0
Male,59,33,45,26.0,9.0,3.0,1.0,1.0,3.0,,2.0
Male,59,34,32,11.0,12.0,3.0,3.0,,,1.0,2.0
Male,59,35,14,5.0,1.0,2.0,1.0,1.0,2.0,,2.0
Male,59,36,29,12.0,7.0,1.0,2.0,,3.0,3.0,1.0
Male,59,37,38,17.0,10.0,,,1.0,2.0,4.0,4.0
Male,59,38,9,1.0,1.0,2.0,1.0,2.0,1.0,,1.0
Male,60,5,5,,,1.0,1.0,,,2.0,1.0
Male,60,6,7,,,1.0,,,,1.0,5.0
Male,60,7,3,1.0,,1.0,,,,,1.0
Male,60,8,3,,,,,,1.0,1.0,1.0
Male,60,9,5,,,,1.0,1.0,,1.0,2.0
Male,60,10,4,1.0,,2.0,,,,,1.0
Male,60,11,8,2.0,1.0,,1.0,,2.0,,2.0
Male,60,12,4,,,,1.0,,,,3.0
Male,60,13,7,,1.0,,,,1.0,,5.0
Male,60,14,9,2.0,,1.0,,3.0,,,3.0
Male,60,15,6,,,2.0,1.0,,1.0,1.0,1.0
Male,60,16,1,,,,,,,,1.0
Male,60,17,5,1.0,,,1.0,1.0,,,2.0
Male,60,18,6,1.0,1.0,3.0,,,,,1.0
Male,60,19,9,6.0,1.0,,,2.0,,,
Male,60,20,9,4.0,1.0,,1.0,1.0,1.0,,1.0
Male,60,21,1,,,,1.0,,,,
Male,60,22,6,1.0,2.0,,,,2.0,,1.0
Male,60,23,7,1.0,,1.0,,2.0,3.0,,
Male,60,24,4,1.0,1.0,1.0,,,,1.0,
Male,60,25,5,1.0,,1.0,,,,2.0,1.0
Male,60,26,6,,1.0,1.0,2.0,,,,2.0
Male,60,27,7,2.0,2.0,1.0,1.0,,1.0,,
Male,60,28,7,3.0,,1.0,,2.0,,,1.0
Male,60,29,9,1.0,2.0,,3.0,,2.0,1.0,
Male,60,30,12,7.0,,2.0,,1.0,,1.0,1.0
Male,60,31,12,3.0,6.0,1.0,1.0,,1.0,,
Male,60,32,15,6.0,2.0,3.0,,1.0,2.0,,1.0
Male,60,33,12,9.0,,3.0,,,,,
Male,60,34,12,7.0,2.0,1.0,,1.0,1.0,,
Male,60,35,8,3.0,,3.0,,,1.0,,1.0
Male,60,36,12,4.0,2.0,2.0,,2.0,1.0,,1.0
Male,60,37,24,14.0,3.0,1.0,1.0,2.0,,1.0,2.0
Male,60,38,35,19.0,1.0,5.0,3.0,2.0,1.0,1.0,3.0
Male,60,39,6,2.0,3.0,,1.0,,,,
Male,61,5,4,,,,1.0,,1.0,,2.0
Male,61,6,2,,,1.0,,,,1.0,
Male,61,7,1,,,,,,,,1.0
Male,61,8,3,,1.0,1.0,,1.0,,,
Male,61,9,3,1.0,,,1.0,1.0,,,
Male,61,11,4,,,,,1.0,,1.0,2.0
Male,61,12,4,,1.0,,,1.0,1.0,,1.0
Male,61,13,3,1.0,,1.0,,,,1.0,
Male,61,14,3,,,,,1.0,2.0,,
Male,61,15,3,1.0,1.0,,,,,1.0,
Male,61,16,4,,,,1.0,,,1.0,2.0
Male,61,17,2,1.0,,,,1.0,,,
Male,61,18,3,,,1.0,,1.0,,,1.0
Male,61,19,4,,2.0,,,,2.0,,
Male,61,20,7,1.0,1.0,1.0,,2.0,1.0,,1.0
Male,61,21,4,,1.0,1.0,,1.0,,1.0,
Male,61,22,3,,1.0,,,,1.0,1.0,
Male,61,23,3,,,,1.0,1.0,,,1.0
Male,61,24,3,1.0,1.0,1.0,,,,,
Male,61,25,2,1.0,,,,,,,1.0
Male,61,26,4,2.0,,,,1.0,1.0,,
Male,61,27,4,,2.0,1.0,,,,,1.0
Male,61,28,4,2.0,,2.0,,,,,
Male,61,29,8,1.0,1.0,2.0,2.0,,1.0,1.0,
Male,61,30,4,1.0,,,,1.0,,1.0,1.0
Male,61,31,8,3.0,4.0,,,,1.0,,
Male,61,32,15,5.0,6.0,1.0,,1.0,1.0,,1.0
Male,61,33,6,3.0,1.0,1.0,1.0,,,,
Male,61,34,4,1.0,,,1.0,,,,2.0
Male,61,35,4,2.0,,,,1.0,,1.0,
Male,61,36,5,2.0,,,,,1.0,1.0,1.0
Male,61,37,14,3.0,3.0,,1.0,3.0,2.0,,2.0
Male,61,38,16,5.0,5.0,1.0,2.0,1.0,2.0,,
Male,61,39,5,2.0,1.0,,,1.0,,,1.0
Male,61,40,5,2.0,,1.0,,2.0,,,
Male,62,5,5,2.0,,,1.0,1.0,,,1.0
Male,62,6,2,1.0,,,,,1.0,,
Male,62,7,4,,2.0,,,,,1.0,1.0
Male,62,8,3,,,1.0,1.0,,,,1.0
Male,62,9,2,,,,,,1.0,,1.0
Male,62,10,5,,,1.0,2.0,,1.0,,1.0
Male,62,12,2,,,,,1.0,,1.0,
Male,62,13,1,,,,,1.0,,,
Male,62,14,4,2.0,1.0,,,,1.0,,
Male,62,15,5,,,1.0,,2.0,1.0,1.0,
Male,62,16,4,,,1.0,1.0,,,1.0,1.0
Male,62,17,1,,,,,,,,1.0
Male,62,18,3,,,1.0,,,,1.0,1.0
Male,62,19,4,1.0,,,1.0,1.0,,1.0,
Male,62,20,6,4.0,1.0,,1.0,,,,
Male,62,21,6,1.0,,4.0,,1.0,,,
Male,62,22,3,,1.0,,1.0,1.0,,,
Male,62,23,2,,,1.0,,1.0,,,
Male,62,24,1,,1.0,,,,,,
Male,62,25,1,,,,,1.0,,,
Male,62,26,1,1.0,,,,,,,
Male,62,28,2,,,1.0,,1.0,,,
Male,62,29,3,,1.0,,2.0,,,,
Male,62,30,4,,,3.0,,,,,1.0
Male,62,31,2,,2.0,,,,,,
Male,62,32,5,1.0,,1.0,,2.0,,,1.0
Male,62,33,6,3.0,2.0,1.0,,,,,
Male,62,34,5,4.0,,,,1.0,,,
Male,62,35,5,,2.0,1.0,,,1.0,,1.0
Male,62,36,5,2.0,1.0,1.0,,,,1.0,
Male,62,37,4,3.0,,,,,1.0,,
Male,62,38,5,,2.0,,2.0,,1.0,,
Male,62,39,7,2.0,,,1.0,1.0,,1.0,2.0
Male,62,40,4,3.0,1.0,,,,,,
Male,63,5,3,,,1.0,,,,,2.0
Male,63,6,4,1.0,,1.0,,,1.0,,1.0
Male,63,7,8,2.0,,1.0,,,1.0,,4.0
Male,63,8,3,1.0,1.0,,,,,,1.0
Male,63,9,3,,,,,,1.0,,2.0
Male,63,10,2,,1.0,1.0,,,,,
Male,63,12,1,,1.0,,,,,,
Male,63,13,1,,,,,1.0,,,
Male,63,14,1,,,,,,,,1.0
Male,63,15,1,,,1.0,,,,,
Male,63,16,7,,3.0,1.0,,1.0,,,2.0
Male,63,17,1,,,,1.0,,,,
Male,63,18,3,,2.0,,,,1.0,,
Male,63,19,1,,1.0,,,,,,
Male,63,21,2,,1.0,,1.0,,,,
Male,63,22,1,,,1.0,,,,,
Male,63,23,2,,,1.0,,1.0,,,
Male,63,25,2,1.0,,,,1.0,,,
Male,63,26,4,1.0,1.0,2.0,,,,,
Male,63,27,4,1.0,1.0,,,1.0,,,1.0
Male,63,28,1,,,,,,1.0,,
Male,63,29,2,1.0,,,,,,1.0,
Male,63,31,6,,5.0,,1.0,,,,
Male,63,32,3,2.0,,,1.0,,,,
Male,63,33,6,4.0,,1.0,1.0,,,,
Male,63,34,5,3.0,1.0,,1.0,,,,
Male,63,35,5,1.0,1.0,1.0,,,,1.0,1.0
Male,63,36,3,2.0,,1.0,,,,,
Male,63,37,7,2.0,2.0,1.0,,1.0,,,1.0
Male,63,38,4,,1.0,1.0,,1.0,1.0,,
Male,63,39,3,,,,,1.0,1.0,,1.0
Male,63,40,5,1.0,,2.0,1.0,,,,1.0
Male,63,41,6,1.0,1.0,,1.0,2.0,,,1.0
Male,63,42,1,,,1.0,,,,,
Male,63,44,1,,1.0,,,,,,
Male,64,5,2,,,1.0,,,1.0,,
Male,64,6,6,,,1.0,1.0,1.0,,1.0,2.0
Male,64,7,3,,1.0,,1.0,,1.0,,
Male,64,8,1,,,,,,,1.0,
Male,64,9,1,,1.0,,,,,,
Male,64,11,1,,,,,,1.0,,
Male,64,13,3,,,1.0,,,,,2.0
Male,64,14,3,,2.0,1.0,,,,,
Male,64,15,3,,,,1.0,2.0,,,
Male,64,16,1,,,,,,1.0,,
Male,64,17,2,1.0,,1.0,,,,,
Male,64,18,4,2.0,1.0,1.0,,,,,
Male,64,19,1,,,1.0,,,,,
Male,64,20,1,1.0,,,,,,,
Male,64,21,3,2.0,,,1.0,,,,
Male,64,22,2,,1.0,,,,,1.0,
Male,64,23,2,1.0,,,,,,1.0,
Male,64,24,3,,1.0,,,,,2.0,
Male,64,25,1,,,,,1.0,,,
Male,64,26,2,,1.0,,,,,1.0,
Male,64,27,1,,,,,,1.0,,
Male,64,29,1,1.0,,,,,,,
Male,64,30,3,,,2.0,,1.0,,,
Male,64,32,4,1.0,2.0,1.0,,,,,
Male,64,33,5,3.0,1.0,,,,1.0,,
Male,64,34,2,2.0,,,,,,,
Male,64,35,1,,,1.0,,,,,
Male,64,36,2,2.0,,,,,,,
Male,64,38,1,,1.0,,,,,,
Male,64,39,2,,,,,2.0,,,
Male,64,40,2,1.0,,,,1.0,,,
Male,64,41,1,,,,,,,1.0,
Male,64,42,2,1.0,1.0,,,,,,
Male,64,43,3,,2.0,,,1.0,,,
Male,65,6,3,,2.0,,,1.0,,,
Male,65,7,1,1.0,,,,,,,
Male,65,8,1,,1.0,,,,,,
Male,65,10,1,,1.0,,,,,,
Male,65,11,2,,2.0,,,,,,
Male,65,12,2,,,,1.0,,,,1.0
Male,65,13,1,1.0,,,,,,,
Male,65,14,4,1.0,,1.0,,,2.0,,
Male,65,15,1,,,1.0,,,,,
Male,65,17,1,,1.0,,,,,,
Male,65,19,1,,,1.0,,,,,
Male,65,20,3,2.0,,,,1.0,,,
Male,65,21,1,,,1.0,,,,,
Male,65,24,1,,,,1.0,,,,
Male,65,25,1,,,1.0,,,,,
Male,65,27,3,1.0,,,1.0,,,1.0,
Male,65,29,1,,,,1.0,,,,
Male,65,30,1,,1.0,,,,,,
Male,65,31,1,,1.0,,,,,,
Male,65,33,3,3.0,,,,,,,
Male,65,35,1,,,,,,,1.0,
Male,65,38,1,1.0,,,,,,,
Male,65,39,1,1.0,,,,,,,
Male,65,40,2,,,1.0,,,,1.0,
Male,65,41,1,,1.0,,,,,,
Male,65,42,3,2.0,,1.0,,,,,
Male,65,43,3,,,3.0,,,,,
Male,65,44,1,,,,1.0,,,,
