Gender_x,age_at_July03,exp_at_July03,count_all,retire_at_July03,retire_at_July04,retire_at_July05,retire_at_July06,retire_at_July07,retire_at_July08,retire_at_July09,retire_at_July10,retire_at_July11,retire_at_July12,not_retired_at_July12
Female,47,5,50,1.0,,,1.0,,,,1.0,1.0,,46.0
Female,47,6,63,,,1.0,,,1.0,1.0,1.0,1.0,1.0,57.0
Female,47,7,65,2.0,1.0,2.0,1.0,,,1.0,1.0,1.0,2.0,54.0
Female,47,8,77,1.0,,,,,1.0,1.0,,1.0,1.0,72.0
Female,47,9,84,2.0,,1.0,2.0,2.0,1.0,1.0,1.0,,2.0,72.0
Female,47,10,89,2.0,,1.0,,1.0,,1.0,,,3.0,81.0
Female,47,11,79,,1.0,,,,,,,1.0,4.0,73.0
Female,47,12,89,2.0,,1.0,1.0,,1.0,,1.0,5.0,3.0,75.0
Female,47,13,96,,,,1.0,,1.0,,2.0,7.0,1.0,84.0
Female,47,14,84,,,2.0,1.0,,,,,7.0,8.0,66.0
Female,47,15,75,,1.0,,,,1.0,,2.0,2.0,5.0,64.0
Female,47,16,67,,,1.0,1.0,,,,2.0,2.0,6.0,55.0
Female,47,17,68,,,,,,,,3.0,3.0,5.0,57.0
Female,47,18,81,,1.0,1.0,,2.0,1.0,,2.0,8.0,4.0,62.0
Female,47,19,72,1.0,,,,,,,2.0,3.0,5.0,61.0
Female,47,20,63,,,,1.0,,1.0,,1.0,5.0,2.0,53.0
Female,47,21,67,,1.0,,,,1.0,1.0,2.0,6.0,8.0,48.0
Female,47,22,90,,,,,,,,1.0,5.0,5.0,79.0
Female,47,23,127,,,,,,1.0,1.0,,6.0,8.0,111.0
Female,47,24,222,1.0,,,3.0,,,1.0,2.0,16.0,51.0,148.0
Female,47,25,331,,2.0,,,1.0,,,7.0,64.0,117.0,140.0
Female,47,26,153,1.0,,1.0,,,,1.0,31.0,48.0,32.0,39.0
Female,47,27,10,,,,,,,,4.0,2.0,3.0,1.0
Female,48,5,61,,,1.0,,2.0,1.0,,1.0,2.0,1.0,53.0
Female,48,6,73,4.0,,1.0,1.0,,2.0,,3.0,1.0,2.0,59.0
Female,48,7,62,1.0,1.0,,,,,,1.0,2.0,1.0,56.0
Female,48,8,68,1.0,,2.0,1.0,1.0,1.0,,,1.0,1.0,60.0
Female,48,9,102,2.0,3.0,,,2.0,,,1.0,2.0,,92.0
Female,48,10,107,3.0,1.0,2.0,,,1.0,,,1.0,8.0,91.0
Female,48,11,94,4.0,1.0,1.0,1.0,1.0,,,2.0,4.0,4.0,76.0
Female,48,12,85,,4.0,1.0,,,2.0,,3.0,6.0,6.0,63.0
Female,48,13,76,,,1.0,2.0,,1.0,,8.0,5.0,3.0,56.0
Female,48,14,78,,2.0,,1.0,,,2.0,4.0,3.0,2.0,64.0
Female,48,15,95,,,1.0,1.0,1.0,,2.0,5.0,5.0,4.0,76.0
Female,48,16,76,,,,,1.0,,1.0,2.0,2.0,6.0,64.0
Female,48,17,70,1.0,,,2.0,1.0,3.0,1.0,4.0,4.0,5.0,49.0
Female,48,18,89,,1.0,1.0,,1.0,,1.0,5.0,8.0,3.0,69.0
Female,48,19,74,1.0,2.0,2.0,,,,1.0,6.0,4.0,2.0,56.0
Female,48,20,90,1.0,2.0,,,,1.0,1.0,7.0,3.0,6.0,69.0
Female,48,21,65,,,,1.0,,,,6.0,3.0,4.0,51.0
Female,48,22,77,1.0,,,,1.0,,2.0,4.0,3.0,7.0,59.0
Female,48,23,104,,,,,,,5.0,1.0,4.0,6.0,88.0
Female,48,24,156,,,2.0,1.0,1.0,,1.0,12.0,7.0,26.0,106.0
Female,48,25,258,4.0,1.0,,1.0,,1.0,5.0,12.0,53.0,99.0,82.0
Female,48,26,295,1.0,2.0,2.0,2.0,1.0,,5.0,65.0,90.0,66.0,61.0
Female,48,27,172,,,,1.0,3.0,1.0,33.0,57.0,35.0,8.0,34.0
Female,48,28,8,,,,,,,2.0,2.0,1.0,1.0,2.0
Female,48,29,1,,,,,,,1.0,,,,
Female,49,5,53,2.0,1.0,,1.0,,1.0,1.0,,,,47.0
Female,49,6,70,2.0,,,,,2.0,1.0,,1.0,,64.0
Female,49,7,60,,,,1.0,1.0,1.0,,1.0,1.0,3.0,52.0
Female,49,8,67,2.0,1.0,2.0,,2.0,2.0,,1.0,,1.0,56.0
Female,49,9,94,1.0,1.0,2.0,,3.0,1.0,1.0,1.0,2.0,3.0,79.0
Female,49,10,99,1.0,2.0,1.0,1.0,2.0,1.0,,1.0,2.0,3.0,85.0
Female,49,11,100,1.0,,,1.0,,2.0,1.0,1.0,2.0,6.0,86.0
Female,49,12,110,3.0,,1.0,,1.0,3.0,4.0,2.0,4.0,3.0,89.0
Female,49,13,99,1.0,2.0,1.0,,,1.0,2.0,3.0,1.0,4.0,84.0
Female,49,14,84,2.0,3.0,1.0,,,,6.0,,4.0,4.0,64.0
Female,49,15,78,,1.0,,2.0,1.0,4.0,5.0,2.0,2.0,,61.0
Female,49,16,95,,,1.0,1.0,1.0,4.0,9.0,1.0,4.0,5.0,69.0
Female,49,17,92,,,2.0,1.0,1.0,,3.0,2.0,1.0,3.0,79.0
Female,49,18,76,2.0,,,1.0,1.0,1.0,4.0,3.0,2.0,5.0,57.0
Female,49,19,90,,1.0,1.0,,,3.0,8.0,4.0,7.0,5.0,61.0
Female,49,20,80,,,,,,1.0,5.0,4.0,3.0,2.0,65.0
Female,49,21,81,,,,,,4.0,6.0,4.0,3.0,6.0,58.0
Female,49,22,88,,1.0,,1.0,,,7.0,4.0,4.0,6.0,65.0
Female,49,23,82,,1.0,1.0,,,3.0,5.0,5.0,4.0,4.0,59.0
Female,49,24,132,,1.0,1.0,1.0,,2.0,8.0,10.0,12.0,25.0,72.0
Female,49,25,176,,1.0,2.0,,1.0,9.0,11.0,8.0,37.0,49.0,58.0
Female,49,26,254,1.0,,,1.0,1.0,5.0,24.0,47.0,84.0,52.0,39.0
Female,49,27,315,1.0,,,1.0,,8.0,84.0,103.0,51.0,24.0,43.0
Female,49,28,198,1.0,,,1.0,,37.0,67.0,37.0,19.0,15.0,21.0
Female,49,29,20,,,,,,14.0,2.0,,,,4.0
Female,49,30,1,,,,,,,1.0,,,,
Female,50,5,49,2.0,,2.0,1.0,,2.0,2.0,,1.0,2.0,37.0
Female,50,6,59,,,1.0,,,,1.0,2.0,,6.0,49.0
Female,50,7,88,1.0,1.0,,1.0,2.0,2.0,,2.0,1.0,4.0,74.0
Female,50,8,72,1.0,1.0,1.0,2.0,,,,1.0,1.0,2.0,63.0
Female,50,9,82,3.0,3.0,1.0,3.0,1.0,2.0,1.0,3.0,2.0,5.0,58.0
Female,50,10,88,4.0,2.0,,1.0,,1.0,2.0,1.0,1.0,3.0,73.0
Female,50,11,90,1.0,,3.0,,1.0,,1.0,,1.0,9.0,74.0
Female,50,12,105,2.0,1.0,1.0,,2.0,4.0,2.0,5.0,6.0,8.0,74.0
Female,50,13,115,1.0,2.0,,2.0,1.0,3.0,4.0,6.0,3.0,12.0,81.0
Female,50,14,101,,,1.0,1.0,1.0,4.0,3.0,2.0,2.0,7.0,80.0
Female,50,15,76,,,,,,4.0,4.0,4.0,1.0,4.0,59.0
Female,50,16,90,,1.0,1.0,,3.0,3.0,3.0,3.0,2.0,8.0,66.0
Female,50,17,99,1.0,1.0,,2.0,4.0,3.0,6.0,5.0,6.0,15.0,56.0
Female,50,18,96,,2.0,,,4.0,7.0,3.0,8.0,8.0,3.0,61.0
Female,50,19,95,,1.0,2.0,,5.0,7.0,2.0,3.0,4.0,8.0,63.0
Female,50,20,82,2.0,,,,1.0,2.0,1.0,5.0,5.0,9.0,57.0
Female,50,21,105,,,,,5.0,8.0,3.0,4.0,3.0,5.0,77.0
Female,50,22,88,,,,,4.0,5.0,2.0,5.0,9.0,10.0,53.0
Female,50,23,97,1.0,,,,5.0,4.0,8.0,3.0,5.0,13.0,58.0
Female,50,24,133,2.0,,2.0,,9.0,12.0,4.0,4.0,12.0,29.0,59.0
Female,50,25,160,,,1.0,1.0,4.0,6.0,8.0,15.0,37.0,48.0,40.0
Female,50,26,196,,2.0,,1.0,5.0,24.0,16.0,40.0,61.0,21.0,26.0
Female,50,27,277,2.0,,1.0,,13.0,21.0,68.0,79.0,42.0,17.0,34.0
Female,50,28,392,,2.0,1.0,,44.0,90.0,120.0,58.0,22.0,21.0,34.0
Female,50,29,287,2.0,3.0,,1.0,112.0,66.0,44.0,15.0,14.0,16.0,14.0
Female,50,30,34,,,,,19.0,11.0,,2.0,,1.0,1.0
Female,50,32,1,,,,,,,,,1.0,,
Female,51,5,39,1.0,,,,1.0,,1.0,,,2.0,34.0
Female,51,6,66,1.0,2.0,1.0,,3.0,,,,1.0,7.0,51.0
Female,51,7,71,2.0,4.0,,1.0,,2.0,2.0,1.0,2.0,12.0,45.0
Female,51,8,68,3.0,,1.0,,1.0,1.0,2.0,1.0,3.0,9.0,47.0
Female,51,9,76,1.0,,,,2.0,1.0,1.0,3.0,6.0,6.0,56.0
Female,51,10,81,1.0,1.0,3.0,3.0,4.0,2.0,,,3.0,13.0,51.0
Female,51,11,96,2.0,,1.0,,1.0,2.0,2.0,1.0,6.0,26.0,55.0
Female,51,12,108,1.0,3.0,2.0,1.0,,1.0,1.0,5.0,11.0,17.0,66.0
Female,51,13,136,1.0,2.0,1.0,2.0,5.0,1.0,6.0,6.0,14.0,12.0,86.0
Female,51,14,94,1.0,,1.0,1.0,4.0,3.0,5.0,2.0,4.0,23.0,50.0
Female,51,15,101,,,,2.0,3.0,5.0,1.0,4.0,12.0,29.0,45.0
Female,51,16,107,1.0,1.0,,2.0,12.0,2.0,6.0,,4.0,19.0,60.0
Female,51,17,91,1.0,,,1.0,4.0,2.0,5.0,4.0,7.0,32.0,35.0
Female,51,18,130,1.0,,1.0,4.0,9.0,5.0,6.0,8.0,10.0,33.0,53.0
Female,51,19,131,2.0,,,1.0,12.0,5.0,9.0,3.0,14.0,31.0,54.0
Female,51,20,96,,1.0,,4.0,2.0,4.0,2.0,10.0,8.0,24.0,41.0
Female,51,21,101,2.0,1.0,,6.0,12.0,3.0,4.0,3.0,14.0,24.0,32.0
Female,51,22,100,,,1.0,3.0,8.0,1.0,7.0,2.0,12.0,26.0,40.0
Female,51,23,135,1.0,1.0,1.0,2.0,13.0,8.0,3.0,8.0,10.0,48.0,40.0
Female,51,24,133,,,1.0,6.0,12.0,5.0,6.0,7.0,16.0,55.0,25.0
Female,51,25,134,1.0,,,6.0,20.0,6.0,8.0,7.0,35.0,35.0,16.0
Female,51,26,181,1.0,1.0,1.0,7.0,23.0,12.0,9.0,38.0,46.0,19.0,24.0
Female,51,27,223,1.0,1.0,1.0,4.0,25.0,6.0,50.0,64.0,29.0,16.0,26.0
Female,51,28,342,1.0,,,5.0,108.0,38.0,77.0,53.0,23.0,15.0,22.0
Female,51,29,495,3.0,3.0,1.0,41.0,211.0,77.0,68.0,25.0,15.0,19.0,32.0
Female,51,30,309,,1.0,,107.0,111.0,23.0,17.0,17.0,10.0,6.0,17.0
Female,51,31,25,,,,15.0,5.0,1.0,,2.0,,2.0,
Female,52,5,47,2.0,,,2.0,1.0,1.0,,,4.0,2.0,35.0
Female,52,6,54,2.0,1.0,,,2.0,1.0,1.0,,5.0,3.0,39.0
Female,52,7,66,1.0,3.0,1.0,2.0,,3.0,,4.0,8.0,4.0,40.0
Female,52,8,69,1.0,,3.0,1.0,5.0,,1.0,2.0,9.0,2.0,45.0
Female,52,9,102,1.0,2.0,1.0,1.0,3.0,2.0,2.0,4.0,13.0,11.0,62.0
Female,52,10,87,,4.0,2.0,2.0,,1.0,2.0,4.0,15.0,11.0,46.0
Female,52,11,85,1.0,1.0,2.0,2.0,1.0,4.0,,5.0,16.0,8.0,45.0
Female,52,12,93,2.0,2.0,2.0,3.0,,1.0,1.0,4.0,24.0,9.0,45.0
Female,52,13,117,,2.0,1.0,3.0,1.0,2.0,3.0,7.0,20.0,7.0,71.0
Female,52,14,109,4.0,,,1.0,5.0,1.0,5.0,12.0,23.0,13.0,45.0
Female,52,15,124,2.0,1.0,1.0,,4.0,5.0,4.0,9.0,30.0,15.0,53.0
Female,52,16,112,,,,3.0,11.0,3.0,4.0,9.0,24.0,11.0,47.0
Female,52,17,134,3.0,1.0,4.0,11.0,11.0,4.0,1.0,9.0,26.0,15.0,49.0
Female,52,18,123,3.0,1.0,3.0,9.0,7.0,3.0,4.0,13.0,22.0,14.0,44.0
Female,52,19,134,1.0,1.0,2.0,9.0,11.0,4.0,8.0,6.0,32.0,14.0,46.0
Female,52,20,101,1.0,,3.0,7.0,3.0,3.0,2.0,9.0,25.0,7.0,41.0
Female,52,21,111,,,3.0,11.0,7.0,4.0,5.0,7.0,22.0,10.0,42.0
Female,52,22,124,1.0,2.0,3.0,4.0,8.0,3.0,4.0,21.0,35.0,10.0,33.0
Female,52,23,139,,,,12.0,9.0,13.0,10.0,12.0,34.0,16.0,33.0
Female,52,24,123,2.0,,1.0,6.0,15.0,4.0,3.0,10.0,43.0,20.0,19.0
Female,52,25,143,,,1.0,19.0,16.0,5.0,8.0,16.0,48.0,11.0,19.0
Female,52,26,154,3.0,1.0,5.0,19.0,18.0,9.0,6.0,23.0,40.0,14.0,16.0
Female,52,27,162,2.0,,4.0,18.0,14.0,14.0,22.0,37.0,22.0,11.0,18.0
Female,52,28,200,,2.0,9.0,17.0,49.0,25.0,40.0,22.0,13.0,5.0,18.0
Female,52,29,354,1.0,3.0,8.0,65.0,133.0,45.0,41.0,17.0,10.0,7.0,24.0
Female,52,30,532,2.0,2.0,41.0,187.0,159.0,35.0,26.0,22.0,23.0,12.0,23.0
Female,52,31,313,1.0,,162.0,73.0,23.0,12.0,12.0,10.0,6.0,4.0,10.0
Female,52,32,19,,,11.0,3.0,1.0,2.0,,1.0,,,1.0
Female,53,5,29,3.0,,2.0,2.0,2.0,2.0,,,1.0,2.0,15.0
Female,53,6,45,,1.0,1.0,1.0,,,5.0,3.0,3.0,4.0,27.0
Female,53,7,45,,2.0,1.0,3.0,2.0,,1.0,2.0,3.0,2.0,29.0
Female,53,8,55,1.0,2.0,5.0,2.0,3.0,,2.0,5.0,3.0,8.0,24.0
Female,53,9,76,1.0,4.0,2.0,2.0,2.0,2.0,2.0,13.0,5.0,7.0,36.0
Female,53,10,70,4.0,1.0,2.0,1.0,1.0,3.0,6.0,5.0,5.0,7.0,35.0
Female,53,11,74,1.0,1.0,,2.0,1.0,3.0,2.0,9.0,8.0,7.0,40.0
Female,53,12,84,3.0,,2.0,2.0,,,6.0,12.0,8.0,10.0,41.0
Female,53,13,108,2.0,5.0,4.0,5.0,,1.0,6.0,24.0,15.0,13.0,33.0
Female,53,14,77,,1.0,1.0,,2.0,1.0,13.0,17.0,9.0,8.0,25.0
Female,53,15,93,2.0,2.0,1.0,1.0,2.0,7.0,7.0,19.0,12.0,13.0,27.0
Female,53,16,87,2.0,1.0,3.0,2.0,5.0,1.0,6.0,16.0,11.0,8.0,32.0
Female,53,17,102,1.0,,10.0,4.0,3.0,3.0,4.0,23.0,15.0,5.0,34.0
Female,53,18,131,1.0,2.0,20.0,2.0,10.0,3.0,13.0,19.0,15.0,15.0,31.0
Female,53,19,111,1.0,1.0,11.0,2.0,7.0,4.0,13.0,22.0,11.0,9.0,30.0
Female,53,20,113,2.0,3.0,13.0,3.0,3.0,3.0,13.0,19.0,12.0,8.0,34.0
Female,53,21,104,2.0,2.0,19.0,4.0,5.0,4.0,8.0,13.0,10.0,10.0,27.0
Female,53,22,109,2.0,2.0,14.0,3.0,3.0,2.0,14.0,29.0,8.0,8.0,24.0
Female,53,23,110,1.0,3.0,20.0,4.0,6.0,5.0,15.0,15.0,9.0,7.0,25.0
Female,53,24,104,,10.0,22.0,,6.0,3.0,4.0,20.0,15.0,14.0,10.0
Female,53,25,145,1.0,4.0,23.0,3.0,4.0,4.0,21.0,38.0,24.0,11.0,12.0
Female,53,26,135,1.0,9.0,24.0,2.0,8.0,5.0,13.0,41.0,8.0,5.0,19.0
Female,53,27,110,,4.0,27.0,3.0,12.0,5.0,17.0,24.0,5.0,5.0,8.0
Female,53,28,155,1.0,8.0,36.0,6.0,33.0,19.0,21.0,13.0,8.0,3.0,7.0
Female,53,29,207,1.0,6.0,46.0,18.0,47.0,29.0,21.0,18.0,8.0,6.0,7.0
Female,53,30,317,1.0,10.0,115.0,57.0,58.0,32.0,13.0,16.0,5.0,4.0,6.0
Female,53,31,524,1.0,19.0,343.0,56.0,40.0,15.0,8.0,10.0,14.0,7.0,11.0
Female,53,32,287,,115.0,123.0,13.0,12.0,2.0,3.0,5.0,1.0,4.0,9.0
Female,53,33,26,,14.0,5.0,3.0,2.0,,,1.0,,,1.0
Female,54,5,18,1.0,3.0,1.0,,1.0,1.0,1.0,,,,10.0
Female,54,6,38,1.0,,,2.0,1.0,,3.0,3.0,1.0,4.0,23.0
Female,54,7,38,1.0,,2.0,,1.0,1.0,4.0,1.0,4.0,4.0,20.0
Female,54,8,43,2.0,,,1.0,,1.0,3.0,4.0,4.0,6.0,22.0
Female,54,9,60,2.0,2.0,2.0,,1.0,2.0,5.0,6.0,4.0,7.0,29.0
Female,54,10,52,1.0,,2.0,2.0,2.0,,3.0,4.0,8.0,4.0,26.0
Female,54,11,49,,,,1.0,3.0,1.0,10.0,3.0,2.0,5.0,24.0
Female,54,12,71,,1.0,1.0,2.0,2.0,5.0,8.0,8.0,6.0,11.0,27.0
Female,54,13,96,1.0,1.0,4.0,2.0,4.0,6.0,15.0,6.0,11.0,5.0,41.0
Female,54,14,73,2.0,1.0,2.0,1.0,3.0,4.0,12.0,7.0,9.0,3.0,29.0
Female,54,15,84,2.0,1.0,2.0,3.0,5.0,7.0,17.0,8.0,6.0,5.0,28.0
Female,54,16,92,1.0,1.0,5.0,3.0,4.0,8.0,16.0,6.0,5.0,14.0,29.0
Female,54,17,101,,1.0,11.0,8.0,4.0,4.0,18.0,11.0,9.0,10.0,25.0
Female,54,18,102,2.0,5.0,12.0,4.0,6.0,5.0,20.0,9.0,8.0,8.0,23.0
Female,54,19,107,3.0,11.0,13.0,2.0,6.0,9.0,15.0,4.0,11.0,3.0,30.0
Female,54,20,101,3.0,7.0,13.0,1.0,11.0,10.0,12.0,5.0,8.0,10.0,21.0
Female,54,21,106,1.0,11.0,13.0,7.0,3.0,6.0,19.0,6.0,13.0,4.0,23.0
Female,54,22,99,3.0,9.0,15.0,3.0,5.0,8.0,13.0,6.0,9.0,9.0,19.0
Female,54,23,121,4.0,14.0,17.0,4.0,5.0,11.0,21.0,8.0,14.0,9.0,14.0
Female,54,24,133,2.0,13.0,25.0,3.0,6.0,11.0,28.0,12.0,10.0,10.0,13.0
Female,54,25,117,4.0,12.0,12.0,2.0,7.0,7.0,23.0,14.0,17.0,12.0,7.0
Female,54,26,125,8.0,6.0,10.0,5.0,8.0,6.0,35.0,25.0,9.0,4.0,9.0
Female,54,27,109,11.0,10.0,21.0,3.0,5.0,6.0,28.0,14.0,2.0,3.0,6.0
Female,54,28,108,6.0,12.0,24.0,2.0,19.0,10.0,19.0,8.0,1.0,,7.0
Female,54,29,154,10.0,16.0,18.0,11.0,46.0,18.0,15.0,3.0,5.0,2.0,10.0
Female,54,30,226,15.0,31.0,50.0,49.0,39.0,5.0,13.0,9.0,4.0,7.0,4.0
Female,54,31,319,10.0,44.0,170.0,33.0,23.0,10.0,7.0,7.0,4.0,4.0,7.0
Female,54,32,492,13.0,241.0,137.0,19.0,28.0,19.0,10.0,10.0,5.0,2.0,8.0
Female,54,33,311,118.0,97.0,35.0,12.0,12.0,12.0,3.0,12.0,1.0,4.0,5.0
Female,54,34,20,12.0,4.0,1.0,1.0,,,,,1.0,,1.0
Female,54,35,2,1.0,,,1.0,,,,,,,
Female,55,5,23,1.0,1.0,,1.0,1.0,1.0,3.0,,2.0,1.0,12.0
Female,55,6,30,2.0,2.0,1.0,1.0,,1.0,4.0,1.0,2.0,3.0,13.0
Female,55,7,43,2.0,,2.0,2.0,,5.0,3.0,2.0,6.0,4.0,17.0
Female,55,8,34,,,1.0,1.0,1.0,3.0,1.0,6.0,1.0,3.0,17.0
Female,55,9,44,1.0,1.0,,1.0,3.0,3.0,7.0,5.0,2.0,4.0,17.0
Female,55,10,62,,,2.0,1.0,5.0,4.0,4.0,5.0,8.0,7.0,26.0
Female,55,11,52,4.0,1.0,2.0,,1.0,11.0,3.0,6.0,7.0,5.0,12.0
Female,55,12,72,1.0,1.0,,2.0,3.0,4.0,3.0,13.0,8.0,9.0,28.0
Female,55,13,73,1.0,1.0,3.0,3.0,1.0,10.0,11.0,8.0,6.0,6.0,23.0
Female,55,14,68,1.0,,1.0,4.0,3.0,10.0,7.0,8.0,5.0,11.0,18.0
Female,55,15,78,1.0,2.0,2.0,,6.0,20.0,8.0,2.0,7.0,5.0,25.0
Female,55,16,87,3.0,3.0,5.0,4.0,8.0,16.0,5.0,7.0,9.0,5.0,22.0
Female,55,17,77,2.0,1.0,6.0,4.0,9.0,5.0,11.0,11.0,6.0,5.0,17.0
Female,55,18,90,,6.0,15.0,4.0,6.0,13.0,5.0,12.0,3.0,13.0,13.0
Female,55,19,84,4.0,9.0,6.0,1.0,13.0,11.0,7.0,11.0,4.0,5.0,13.0
Female,55,20,95,7.0,5.0,13.0,3.0,12.0,14.0,4.0,10.0,10.0,7.0,10.0
Female,55,21,99,5.0,5.0,16.0,,9.0,11.0,6.0,12.0,9.0,9.0,17.0
Female,55,22,78,5.0,4.0,9.0,1.0,12.0,13.0,5.0,10.0,7.0,2.0,10.0
Female,55,23,100,8.0,7.0,13.0,2.0,13.0,23.0,7.0,5.0,6.0,6.0,10.0
Female,55,24,121,10.0,12.0,16.0,1.0,10.0,20.0,17.0,9.0,8.0,8.0,10.0
Female,55,25,102,13.0,9.0,8.0,2.0,15.0,21.0,3.0,10.0,13.0,3.0,5.0
Female,55,26,108,9.0,6.0,14.0,5.0,14.0,24.0,12.0,8.0,6.0,1.0,9.0
Female,55,27,118,18.0,12.0,18.0,6.0,14.0,21.0,12.0,8.0,4.0,1.0,4.0
Female,55,28,104,15.0,6.0,22.0,,15.0,17.0,16.0,4.0,5.0,2.0,2.0
Female,55,29,132,22.0,15.0,19.0,9.0,34.0,15.0,4.0,2.0,4.0,4.0,4.0
Female,55,30,155,21.0,9.0,55.0,31.0,22.0,3.0,3.0,4.0,3.0,2.0,2.0
Female,55,31,182,24.0,15.0,89.0,17.0,11.0,7.0,3.0,5.0,4.0,5.0,2.0
Female,55,32,299,34.0,134.0,78.0,17.0,13.0,5.0,4.0,4.0,3.0,4.0,3.0
Female,55,33,480,237.0,104.0,56.0,19.0,21.0,14.0,4.0,5.0,8.0,2.0,10.0
Female,55,34,204,100.0,36.0,29.0,12.0,10.0,2.0,7.0,,,3.0,5.0
Female,55,35,9,4.0,,1.0,1.0,1.0,,1.0,,,,1.0
Female,56,5,11,1.0,,1.0,,1.0,,3.0,,1.0,1.0,3.0
Female,56,6,24,,1.0,1.0,1.0,1.0,3.0,1.0,1.0,2.0,6.0,7.0
Female,56,7,23,,,,2.0,2.0,2.0,3.0,1.0,2.0,4.0,7.0
Female,56,8,32,1.0,,,2.0,3.0,1.0,1.0,3.0,,7.0,14.0
Female,56,9,60,,4.0,3.0,2.0,5.0,6.0,5.0,4.0,2.0,9.0,20.0
Female,56,10,50,2.0,1.0,1.0,3.0,2.0,,6.0,8.0,6.0,11.0,10.0
Female,56,11,43,1.0,1.0,,5.0,10.0,3.0,5.0,6.0,1.0,1.0,10.0
Female,56,12,51,,1.0,,1.0,5.0,3.0,4.0,3.0,6.0,5.0,23.0
Female,56,13,55,2.0,1.0,4.0,1.0,9.0,2.0,5.0,8.0,6.0,6.0,11.0
Female,56,14,53,1.0,1.0,3.0,5.0,12.0,4.0,4.0,4.0,2.0,3.0,14.0
Female,56,15,77,,2.0,2.0,6.0,17.0,9.0,8.0,4.0,5.0,7.0,17.0
Female,56,16,73,2.0,1.0,5.0,7.0,14.0,5.0,10.0,4.0,6.0,7.0,12.0
Female,56,17,95,3.0,3.0,6.0,5.0,18.0,9.0,11.0,10.0,10.0,6.0,14.0
Female,56,18,79,4.0,3.0,9.0,5.0,17.0,5.0,4.0,6.0,8.0,4.0,14.0
Female,56,19,90,4.0,12.0,10.0,4.0,12.0,10.0,5.0,8.0,7.0,9.0,9.0
Female,56,20,100,8.0,11.0,7.0,7.0,20.0,7.0,6.0,10.0,5.0,7.0,12.0
Female,56,21,93,5.0,9.0,6.0,11.0,19.0,4.0,8.0,8.0,8.0,7.0,8.0
Female,56,22,98,7.0,6.0,11.0,8.0,31.0,7.0,6.0,7.0,4.0,4.0,7.0
Female,56,23,95,8.0,5.0,9.0,9.0,20.0,10.0,8.0,3.0,6.0,8.0,9.0
Female,56,24,102,8.0,8.0,6.0,10.0,20.0,14.0,9.0,11.0,5.0,8.0,3.0
Female,56,25,108,12.0,10.0,9.0,8.0,20.0,5.0,13.0,17.0,6.0,7.0,1.0
Female,56,26,113,6.0,18.0,18.0,13.0,23.0,6.0,9.0,10.0,7.0,2.0,1.0
Female,56,27,89,4.0,16.0,7.0,12.0,23.0,9.0,8.0,4.0,1.0,3.0,2.0
Female,56,28,98,9.0,17.0,12.0,5.0,31.0,9.0,2.0,4.0,3.0,2.0,4.0
Female,56,29,102,8.0,8.0,20.0,16.0,33.0,6.0,2.0,3.0,2.0,1.0,3.0
Female,56,30,112,10.0,10.0,34.0,25.0,19.0,2.0,5.0,2.0,5.0,,
Female,56,31,136,13.0,15.0,70.0,18.0,5.0,3.0,4.0,3.0,1.0,2.0,2.0
Female,56,32,159,15.0,66.0,48.0,9.0,8.0,4.0,1.0,2.0,3.0,1.0,2.0
Female,56,33,263,128.0,70.0,23.0,13.0,10.0,4.0,3.0,1.0,4.0,3.0,4.0
Female,56,34,268,122.0,47.0,32.0,22.0,15.0,10.0,1.0,8.0,6.0,2.0,3.0
Female,56,35,82,19.0,10.0,24.0,10.0,6.0,4.0,2.0,3.0,2.0,1.0,1.0
Female,56,36,8,,3.0,1.0,2.0,,1.0,,,,1.0,
Female,57,5,5,,,,,,1.0,,1.0,1.0,1.0,1.0
Female,57,6,14,1.0,,1.0,,1.0,2.0,3.0,1.0,1.0,1.0,3.0
Female,57,7,15,1.0,3.0,1.0,2.0,,,,,3.0,1.0,4.0
Female,57,8,14,,,,3.0,1.0,2.0,,,1.0,2.0,5.0
Female,57,9,30,1.0,,1.0,1.0,1.0,4.0,3.0,4.0,5.0,2.0,8.0
Female,57,10,36,1.0,,2.0,5.0,3.0,4.0,,5.0,6.0,1.0,9.0
Female,57,11,16,,1.0,,5.0,1.0,1.0,,3.0,1.0,,4.0
Female,57,12,35,,,1.0,3.0,3.0,3.0,2.0,7.0,3.0,4.0,9.0
Female,57,13,36,2.0,,4.0,1.0,3.0,2.0,3.0,6.0,3.0,4.0,8.0
Female,57,14,47,3.0,2.0,5.0,7.0,7.0,5.0,2.0,3.0,5.0,5.0,3.0
Female,57,15,42,1.0,,6.0,8.0,4.0,5.0,4.0,3.0,3.0,1.0,7.0
Female,57,16,45,1.0,1.0,4.0,8.0,7.0,5.0,4.0,,4.0,2.0,9.0
Female,57,17,59,,1.0,8.0,11.0,3.0,10.0,4.0,3.0,6.0,5.0,8.0
Female,57,18,66,2.0,3.0,8.0,10.0,8.0,8.0,6.0,6.0,6.0,3.0,6.0
Female,57,19,50,3.0,7.0,2.0,9.0,4.0,6.0,1.0,8.0,2.0,3.0,5.0
Female,57,20,62,10.0,6.0,4.0,12.0,6.0,2.0,7.0,2.0,8.0,2.0,3.0
Female,57,21,57,2.0,3.0,8.0,15.0,5.0,5.0,4.0,5.0,4.0,2.0,4.0
Female,57,22,51,4.0,1.0,6.0,12.0,4.0,6.0,5.0,2.0,4.0,2.0,5.0
Female,57,23,66,6.0,6.0,11.0,10.0,8.0,4.0,4.0,5.0,4.0,5.0,3.0
Female,57,24,75,3.0,10.0,10.0,12.0,8.0,8.0,4.0,4.0,7.0,2.0,7.0
Female,57,25,79,5.0,11.0,11.0,15.0,12.0,6.0,4.0,6.0,4.0,1.0,4.0
Female,57,26,64,6.0,4.0,11.0,11.0,9.0,7.0,2.0,11.0,,1.0,2.0
Female,57,27,58,4.0,5.0,11.0,8.0,9.0,9.0,3.0,3.0,3.0,1.0,2.0
Female,57,28,62,5.0,9.0,12.0,6.0,14.0,6.0,3.0,4.0,2.0,1.0,
Female,57,29,80,5.0,10.0,15.0,18.0,16.0,4.0,4.0,3.0,3.0,1.0,1.0
Female,57,30,82,13.0,9.0,23.0,23.0,8.0,3.0,,2.0,1.0,,
Female,57,31,63,4.0,9.0,33.0,8.0,4.0,,,1.0,,1.0,3.0
Female,57,32,83,7.0,33.0,23.0,6.0,5.0,,3.0,3.0,1.0,1.0,1.0
Female,57,33,118,62.0,28.0,8.0,5.0,5.0,2.0,2.0,2.0,1.0,2.0,1.0
Female,57,34,98,45.0,19.0,16.0,9.0,5.0,1.0,,,1.0,,2.0
Female,57,35,85,29.0,12.0,24.0,6.0,9.0,1.0,1.0,,1.0,,2.0
Female,57,36,33,6.0,11.0,7.0,3.0,1.0,2.0,,1.0,,2.0,
Female,57,37,5,1.0,,2.0,,,1.0,,1.0,,,
Female,58,5,7,2.0,,,2.0,,1.0,,,1.0,1.0,
Female,58,6,11,2.0,2.0,,,1.0,1.0,1.0,,,,4.0
Female,58,7,10,1.0,,1.0,,1.0,,1.0,2.0,2.0,,2.0
Female,58,8,13,1.0,,,,2.0,2.0,,2.0,1.0,2.0,3.0
Female,58,9,15,,,2.0,3.0,2.0,1.0,,1.0,1.0,,5.0
Female,58,10,20,3.0,,1.0,,1.0,,1.0,,2.0,5.0,7.0
Female,58,11,25,2.0,,1.0,1.0,1.0,4.0,2.0,5.0,2.0,3.0,4.0
Female,58,12,33,1.0,2.0,3.0,3.0,5.0,3.0,2.0,3.0,4.0,2.0,5.0
Female,58,13,25,,1.0,5.0,1.0,1.0,3.0,2.0,2.0,3.0,2.0,5.0
Female,58,14,36,4.0,2.0,3.0,4.0,3.0,2.0,3.0,7.0,4.0,,4.0
Female,58,15,40,2.0,3.0,5.0,4.0,3.0,6.0,6.0,1.0,2.0,2.0,6.0
Female,58,16,36,,3.0,7.0,3.0,7.0,3.0,6.0,3.0,,2.0,2.0
Female,58,17,35,1.0,2.0,12.0,4.0,7.0,3.0,2.0,1.0,1.0,2.0,
Female,58,18,37,2.0,3.0,8.0,5.0,5.0,5.0,3.0,2.0,2.0,1.0,1.0
Female,58,19,53,3.0,6.0,12.0,12.0,5.0,6.0,2.0,1.0,3.0,,3.0
Female,58,20,43,2.0,6.0,5.0,6.0,6.0,5.0,2.0,4.0,,3.0,4.0
Female,58,21,39,6.0,5.0,6.0,4.0,6.0,2.0,,4.0,3.0,1.0,2.0
Female,58,22,50,4.0,6.0,9.0,5.0,8.0,8.0,1.0,6.0,1.0,,2.0
Female,58,23,53,7.0,1.0,15.0,5.0,11.0,2.0,3.0,3.0,,4.0,2.0
Female,58,24,48,5.0,7.0,16.0,7.0,4.0,2.0,1.0,2.0,1.0,2.0,1.0
Female,58,25,53,6.0,4.0,18.0,8.0,4.0,3.0,1.0,6.0,3.0,,
Female,58,26,67,6.0,12.0,11.0,9.0,6.0,6.0,3.0,8.0,2.0,2.0,2.0
Female,58,27,55,3.0,8.0,14.0,6.0,3.0,6.0,4.0,6.0,2.0,,3.0
Female,58,28,69,8.0,12.0,15.0,10.0,9.0,7.0,1.0,3.0,2.0,1.0,1.0
Female,58,29,44,8.0,5.0,14.0,6.0,5.0,4.0,2.0,,,,
Female,58,30,54,3.0,9.0,21.0,16.0,2.0,,1.0,1.0,,1.0,
Female,58,31,48,7.0,11.0,22.0,5.0,1.0,1.0,,,,1.0,
Female,58,32,72,6.0,34.0,16.0,6.0,5.0,2.0,1.0,1.0,,1.0,
Female,58,33,91,40.0,31.0,9.0,2.0,4.0,1.0,,1.0,2.0,,1.0
Female,58,34,62,29.0,12.0,7.0,3.0,4.0,1.0,,2.0,2.0,2.0,
Female,58,35,47,12.0,6.0,13.0,8.0,2.0,1.0,,1.0,2.0,,2.0
Female,58,36,74,16.0,21.0,19.0,3.0,9.0,2.0,1.0,,1.0,1.0,1.0
Female,58,37,33,13.0,7.0,5.0,,3.0,1.0,1.0,2.0,1.0,,
Female,58,38,3,,1.0,2.0,,,,,,,,
Female,59,5,7,,,,,2.0,1.0,,3.0,,,1.0
Female,59,6,9,,,,2.0,1.0,1.0,1.0,2.0,,,2.0
Female,59,7,6,,1.0,,1.0,1.0,1.0,,1.0,1.0,,
Female,59,8,8,,,1.0,2.0,,,,3.0,,1.0,1.0
Female,59,9,17,1.0,1.0,2.0,2.0,3.0,1.0,3.0,,1.0,,3.0
Female,59,10,19,4.0,,1.0,2.0,2.0,1.0,2.0,,3.0,2.0,2.0
Female,59,11,17,2.0,1.0,1.0,2.0,5.0,2.0,,1.0,,1.0,2.0
Female,59,12,30,4.0,,2.0,4.0,3.0,2.0,2.0,1.0,3.0,5.0,4.0
Female,59,13,20,2.0,2.0,1.0,1.0,3.0,2.0,2.0,2.0,,,5.0
Female,59,14,19,1.0,2.0,2.0,2.0,2.0,1.0,4.0,2.0,2.0,,1.0
Female,59,15,28,2.0,4.0,5.0,3.0,2.0,2.0,4.0,1.0,3.0,,2.0
Female,59,16,26,2.0,5.0,3.0,4.0,2.0,,3.0,2.0,2.0,,3.0
Female,59,17,32,6.0,7.0,3.0,2.0,5.0,2.0,2.0,3.0,2.0,,
Female,59,18,23,3.0,6.0,7.0,1.0,2.0,,3.0,1.0,,,
Female,59,19,42,8.0,8.0,5.0,4.0,4.0,1.0,4.0,4.0,,,4.0
Female,59,20,49,10.0,14.0,6.0,4.0,1.0,2.0,7.0,1.0,1.0,,3.0
Female,59,21,37,8.0,6.0,3.0,6.0,5.0,2.0,2.0,3.0,1.0,,1.0
Female,59,22,36,4.0,11.0,5.0,3.0,5.0,1.0,2.0,2.0,2.0,,1.0
Female,59,23,44,4.0,14.0,6.0,2.0,8.0,1.0,4.0,1.0,3.0,,1.0
Female,59,24,43,7.0,9.0,3.0,2.0,4.0,6.0,2.0,2.0,2.0,,6.0
Female,59,25,54,10.0,10.0,11.0,8.0,3.0,4.0,1.0,5.0,,,2.0
Female,59,26,48,4.0,10.0,13.0,3.0,5.0,4.0,4.0,3.0,1.0,,1.0
Female,59,27,41,9.0,10.0,9.0,5.0,,1.0,4.0,,1.0,2.0,
Female,59,28,51,10.0,13.0,10.0,4.0,3.0,5.0,3.0,3.0,,,
Female,59,29,46,7.0,8.0,11.0,6.0,10.0,3.0,1.0,,,,
Female,59,30,46,11.0,15.0,8.0,5.0,2.0,2.0,1.0,1.0,,1.0,
Female,59,31,49,11.0,14.0,9.0,6.0,3.0,3.0,1.0,2.0,,,
Female,59,32,45,7.0,18.0,9.0,3.0,,,2.0,2.0,2.0,,2.0
Female,59,33,70,33.0,27.0,3.0,3.0,,2.0,,,1.0,1.0,
Female,59,34,34,20.0,4.0,3.0,2.0,4.0,,,1.0,,,
Female,59,35,29,11.0,9.0,7.0,1.0,1.0,,,,,,
Female,59,36,43,12.0,13.0,7.0,3.0,3.0,2.0,,3.0,,,
Female,59,37,48,19.0,8.0,8.0,3.0,5.0,2.0,1.0,1.0,1.0,,
Female,59,38,23,7.0,8.0,2.0,2.0,1.0,,,1.0,,,2.0
Female,59,39,3,,,1.0,1.0,1.0,,,,,,
Female,60,5,8,2.0,2.0,,,,2.0,,1.0,,,1.0
Female,60,6,7,1.0,2.0,2.0,1.0,,1.0,,,,,
Female,60,7,11,,1.0,2.0,1.0,2.0,1.0,,,1.0,1.0,2.0
Female,60,8,11,1.0,1.0,1.0,,1.0,2.0,,2.0,2.0,,1.0
Female,60,9,8,1.0,,2.0,,1.0,1.0,,1.0,,1.0,1.0
Female,60,10,13,1.0,1.0,3.0,2.0,1.0,,2.0,,1.0,,2.0
Female,60,11,15,2.0,1.0,2.0,2.0,3.0,1.0,,,1.0,,3.0
Female,60,12,18,2.0,1.0,2.0,2.0,3.0,5.0,,,1.0,1.0,1.0
Female,60,13,15,1.0,2.0,1.0,4.0,,,,,2.0,1.0,4.0
Female,60,14,30,3.0,4.0,5.0,5.0,3.0,2.0,4.0,3.0,,,1.0
Female,60,15,17,4.0,1.0,,2.0,4.0,4.0,,,1.0,1.0,
Female,60,16,28,2.0,3.0,6.0,3.0,2.0,4.0,2.0,,2.0,2.0,2.0
Female,60,17,25,3.0,4.0,4.0,5.0,2.0,1.0,,1.0,,,5.0
Female,60,18,33,8.0,,8.0,3.0,4.0,3.0,2.0,4.0,,,1.0
Female,60,19,36,7.0,5.0,5.0,4.0,2.0,3.0,2.0,3.0,2.0,2.0,1.0
Female,60,20,35,7.0,6.0,6.0,4.0,1.0,4.0,2.0,,2.0,,3.0
Female,60,21,40,8.0,5.0,9.0,6.0,4.0,2.0,2.0,2.0,1.0,1.0,
Female,60,22,38,4.0,8.0,4.0,3.0,8.0,,6.0,2.0,2.0,,1.0
Female,60,23,33,7.0,5.0,6.0,4.0,5.0,,2.0,3.0,1.0,,
Female,60,24,41,10.0,5.0,5.0,8.0,4.0,3.0,4.0,1.0,1.0,,
Female,60,25,36,11.0,3.0,7.0,2.0,3.0,6.0,2.0,1.0,,1.0,
Female,60,26,36,12.0,5.0,7.0,4.0,2.0,1.0,3.0,2.0,,,
Female,60,27,44,15.0,5.0,8.0,4.0,3.0,3.0,1.0,5.0,,,
Female,60,28,44,13.0,8.0,8.0,2.0,6.0,1.0,3.0,,1.0,,2.0
Female,60,29,51,19.0,7.0,7.0,6.0,4.0,4.0,1.0,3.0,,,
Female,60,30,44,16.0,6.0,11.0,7.0,3.0,1.0,,,,,
Female,60,31,35,9.0,4.0,11.0,5.0,2.0,,1.0,1.0,2.0,,
Female,60,32,53,13.0,22.0,11.0,5.0,1.0,1.0,,,,,
Female,60,33,53,23.0,16.0,7.0,2.0,3.0,,,,,1.0,1.0
Female,60,34,40,21.0,4.0,7.0,1.0,2.0,2.0,1.0,,,1.0,1.0
Female,60,35,24,6.0,5.0,4.0,1.0,2.0,,1.0,2.0,,1.0,2.0
Female,60,36,26,4.0,8.0,7.0,2.0,3.0,1.0,,1.0,,,
Female,60,37,32,13.0,9.0,4.0,2.0,2.0,,,,1.0,,1.0
Female,60,38,42,15.0,5.0,8.0,6.0,4.0,,,1.0,1.0,,2.0
Female,60,39,20,6.0,5.0,1.0,4.0,1.0,1.0,,,1.0,,1.0
Female,60,40,1,,,,1.0,,,,,,,
Female,61,5,2,,,,,1.0,,,,,1.0,
Female,61,6,5,1.0,,,1.0,1.0,,,,,1.0,1.0
Female,61,7,6,,,1.0,,,2.0,,,1.0,,2.0
Female,61,8,6,,1.0,2.0,2.0,,,,,,,1.0
Female,61,9,8,1.0,1.0,,2.0,,1.0,,,,,3.0
Female,61,10,13,2.0,,2.0,1.0,,1.0,4.0,,,,3.0
Female,61,11,15,2.0,3.0,1.0,1.0,1.0,,2.0,1.0,4.0,,
Female,61,12,10,1.0,,2.0,,3.0,1.0,,3.0,,,
Female,61,13,15,2.0,2.0,3.0,1.0,2.0,,,1.0,1.0,,3.0
Female,61,14,12,,1.0,,1.0,4.0,,1.0,3.0,,1.0,1.0
Female,61,15,16,1.0,,4.0,1.0,3.0,3.0,,,,2.0,2.0
Female,61,16,16,2.0,3.0,,3.0,3.0,1.0,,1.0,,2.0,1.0
Female,61,17,22,3.0,,5.0,2.0,3.0,2.0,2.0,1.0,1.0,2.0,1.0
Female,61,18,18,2.0,7.0,1.0,2.0,2.0,1.0,1.0,,,2.0,
Female,61,19,18,3.0,2.0,6.0,2.0,2.0,1.0,,1.0,,,1.0
Female,61,20,22,4.0,3.0,5.0,2.0,5.0,1.0,,1.0,,,1.0
Female,61,21,20,4.0,5.0,5.0,2.0,1.0,3.0,,,,,
Female,61,22,20,4.0,,3.0,1.0,2.0,2.0,3.0,1.0,1.0,2.0,1.0
Female,61,23,29,5.0,4.0,4.0,5.0,4.0,2.0,3.0,,1.0,,1.0
Female,61,24,26,5.0,2.0,6.0,3.0,3.0,1.0,1.0,1.0,2.0,2.0,
Female,61,25,36,6.0,11.0,8.0,3.0,4.0,2.0,,1.0,,1.0,
Female,61,26,33,7.0,7.0,10.0,2.0,4.0,,1.0,2.0,,,
Female,61,27,26,4.0,4.0,4.0,5.0,3.0,1.0,1.0,1.0,2.0,,1.0
Female,61,28,26,5.0,5.0,6.0,3.0,5.0,1.0,,,,,1.0
Female,61,29,24,3.0,7.0,2.0,3.0,5.0,2.0,2.0,,,,
Female,61,30,23,10.0,4.0,5.0,2.0,,1.0,,,,,1.0
Female,61,31,34,6.0,10.0,13.0,1.0,4.0,,,,,,
Female,61,32,30,7.0,8.0,9.0,1.0,4.0,1.0,,,,,
Female,61,33,32,16.0,6.0,4.0,1.0,3.0,1.0,,,,1.0,
Female,61,34,26,14.0,3.0,4.0,1.0,,,,2.0,,,2.0
Female,61,35,14,5.0,3.0,3.0,1.0,1.0,,1.0,,,,
Female,61,36,19,3.0,6.0,6.0,,3.0,1.0,,,,,
Female,61,37,19,11.0,5.0,3.0,,,,,,,,
Female,61,38,10,2.0,1.0,3.0,3.0,1.0,,,,,,
Female,61,39,22,5.0,6.0,3.0,,3.0,2.0,,1.0,,1.0,1.0
Female,61,40,10,4.0,,1.0,2.0,,1.0,,,1.0,,1.0
Female,62,5,1,1.0,,,,,,,,,,
Female,62,6,4,,,1.0,2.0,,1.0,,,,,
Female,62,7,3,,,,1.0,,,,,,,2.0
Female,62,8,2,,1.0,,,,,,1.0,,,
Female,62,9,7,,2.0,,2.0,1.0,1.0,,,,,1.0
Female,62,10,7,2.0,1.0,,1.0,1.0,1.0,1.0,,,,
Female,62,11,5,,,1.0,,1.0,1.0,,,1.0,1.0,
Female,62,12,5,,1.0,1.0,,1.0,1.0,1.0,,,,
Female,62,13,10,1.0,1.0,1.0,3.0,3.0,1.0,,,,,
Female,62,14,16,3.0,1.0,2.0,2.0,1.0,2.0,2.0,2.0,,,1.0
Female,62,15,8,2.0,1.0,1.0,2.0,1.0,,,,,,1.0
Female,62,16,11,2.0,2.0,1.0,2.0,2.0,,1.0,,1.0,,
Female,62,17,12,1.0,2.0,1.0,1.0,1.0,2.0,1.0,2.0,,1.0,
Female,62,18,16,1.0,1.0,5.0,3.0,3.0,1.0,,,,,2.0
Female,62,19,17,3.0,5.0,1.0,3.0,1.0,1.0,2.0,1.0,,,
Female,62,20,21,3.0,4.0,3.0,4.0,1.0,,,1.0,2.0,,3.0
Female,62,21,19,3.0,6.0,1.0,6.0,1.0,,,,1.0,1.0,
Female,62,22,17,2.0,4.0,5.0,3.0,2.0,1.0,,,,,
Female,62,23,8,2.0,1.0,1.0,2.0,,1.0,1.0,,,,
Female,62,24,20,1.0,3.0,7.0,4.0,,,2.0,2.0,,,1.0
Female,62,25,24,6.0,1.0,3.0,7.0,2.0,2.0,,1.0,,2.0,
Female,62,26,28,6.0,5.0,7.0,4.0,3.0,1.0,1.0,,1.0,,
Female,62,27,21,5.0,7.0,5.0,1.0,1.0,1.0,,,1.0,,
Female,62,28,18,4.0,5.0,2.0,3.0,2.0,1.0,1.0,,,,
Female,62,29,15,2.0,4.0,1.0,4.0,3.0,,,,,,1.0
Female,62,30,13,4.0,1.0,6.0,1.0,,,,,,,1.0
Female,62,31,19,5.0,6.0,6.0,2.0,,,,,,,
Female,62,32,19,8.0,4.0,3.0,1.0,2.0,,,,,,1.0
Female,62,33,16,9.0,4.0,2.0,,,,1.0,,,,
Female,62,34,15,6.0,1.0,6.0,,2.0,,,,,,
Female,62,35,7,2.0,2.0,2.0,1.0,,,,,,,
Female,62,36,14,6.0,2.0,1.0,2.0,1.0,1.0,,1.0,,,
Female,62,37,8,3.0,2.0,1.0,,1.0,,,1.0,,,
Female,62,38,12,7.0,2.0,2.0,1.0,,,,,,,
Female,62,39,12,6.0,2.0,,2.0,,1.0,,,1.0,,
Female,62,40,11,2.0,2.0,1.0,1.0,1.0,1.0,,1.0,,,2.0
Female,62,41,7,4.0,,1.0,1.0,,,1.0,,,,
Female,62,42,1,,,,,,,,,1.0,,
Female,62,43,1,1.0,,,,,,,,,,
Female,63,5,1,,,,,,,,,1.0,,
Female,63,6,2,1.0,,,,,,,,,,1.0
Female,63,7,2,1.0,,,1.0,,,,,,,
Female,63,8,3,,1.0,1.0,,,,,,,,1.0
Female,63,9,2,,,1.0,,1.0,,,,,,
Female,63,10,5,2.0,,2.0,1.0,,,,,,,
Female,63,11,9,,2.0,2.0,1.0,1.0,1.0,1.0,,,1.0,
Female,63,12,2,,,,,1.0,,,,,,1.0
Female,63,13,6,,2.0,1.0,,,,,,,,3.0
Female,63,14,7,1.0,1.0,,4.0,,,1.0,,,,
Female,63,15,4,2.0,1.0,,,1.0,,,,,,
Female,63,16,9,1.0,,2.0,2.0,1.0,1.0,1.0,,1.0,,
Female,63,17,9,3.0,1.0,2.0,,3.0,,,,,,
Female,63,18,10,1.0,3.0,4.0,1.0,,,,,,,1.0
Female,63,19,9,1.0,2.0,3.0,,,2.0,1.0,,,,
Female,63,20,8,3.0,,3.0,1.0,,,,,1.0,,
Female,63,21,9,1.0,,4.0,1.0,,,2.0,1.0,,,
Female,63,22,10,2.0,4.0,,2.0,1.0,,1.0,,,,
Female,63,23,20,9.0,4.0,1.0,1.0,1.0,,2.0,1.0,,,1.0
Female,63,24,10,2.0,3.0,4.0,,,,1.0,,,,
Female,63,25,11,,3.0,5.0,1.0,,,,2.0,,,
Female,63,26,10,3.0,3.0,,,,1.0,2.0,1.0,,,
Female,63,27,14,2.0,3.0,5.0,1.0,2.0,1.0,,,,,
Female,63,28,16,4.0,3.0,2.0,3.0,2.0,2.0,,,,,
Female,63,29,11,3.0,3.0,2.0,1.0,2.0,,,,,,
Female,63,30,11,6.0,4.0,1.0,,,,,,,,
Female,63,31,5,,3.0,2.0,,,,,,,,
Female,63,32,10,2.0,4.0,3.0,,,,,,1.0,,
Female,63,33,16,11.0,3.0,,1.0,,,,1.0,,,
Female,63,34,13,8.0,2.0,1.0,,1.0,,1.0,,,,
Female,63,35,7,5.0,2.0,,,,,,,,,
Female,63,36,5,2.0,2.0,,,1.0,,,,,,
Female,63,37,8,6.0,1.0,,,1.0,,,,,,
Female,63,38,5,1.0,1.0,,1.0,2.0,,,,,,
Female,63,39,6,,1.0,1.0,1.0,2.0,,,1.0,,,
Female,63,40,3,2.0,1.0,,,,,,,,,
Female,63,41,2,1.0,,1.0,,,,,,,,
Female,63,42,4,2.0,1.0,,,1.0,,,,,,
Female,63,45,1,1.0,,,,,,,,,,
Female,64,7,2,,,,,1.0,,,,,,1.0
Female,64,8,3,1.0,,,1.0,,,,,1.0,,
Female,64,9,2,,1.0,,1.0,,,,,,,
Female,64,10,4,2.0,1.0,,,,1.0,,,,,
Female,64,11,3,1.0,,,,1.0,,,1.0,,,
Female,64,12,6,,1.0,1.0,1.0,,1.0,,2.0,,,
Female,64,13,4,,1.0,2.0,,1.0,,,,,,
Female,64,15,4,1.0,,1.0,1.0,,,,,1.0,,
Female,64,16,4,,2.0,,1.0,,1.0,,,,,
Female,64,17,2,1.0,,1.0,,,,,,,,
Female,64,18,9,2.0,2.0,3.0,2.0,,,,,,,
Female,64,19,5,1.0,,1.0,1.0,2.0,,,,,,
Female,64,20,7,4.0,2.0,,,1.0,,,,,,
Female,64,21,7,2.0,3.0,1.0,1.0,,,,,,,
Female,64,22,6,1.0,3.0,,,1.0,,1.0,,,,
Female,64,23,9,1.0,2.0,,2.0,1.0,1.0,1.0,,,,1.0
Female,64,24,10,3.0,1.0,3.0,1.0,1.0,,,,,,1.0
Female,64,25,7,1.0,1.0,1.0,3.0,1.0,,,,,,
Female,64,26,8,2.0,2.0,2.0,1.0,,,,1.0,,,
Female,64,27,9,4.0,1.0,1.0,,1.0,2.0,,,,,
Female,64,28,11,5.0,3.0,,,1.0,1.0,1.0,,,,
Female,64,29,11,3.0,2.0,4.0,1.0,,,,,,,1.0
Female,64,30,12,6.0,1.0,2.0,1.0,1.0,1.0,,,,,
Female,64,31,5,1.0,3.0,1.0,,,,,,,,
Female,64,32,16,6.0,5.0,3.0,1.0,,1.0,,,,,
Female,64,33,15,10.0,3.0,1.0,1.0,,,,,,,
Female,64,34,12,8.0,2.0,,1.0,,,,,,,1.0
Female,64,35,6,1.0,3.0,1.0,,,,,,,,1.0
Female,64,36,3,1.0,1.0,,1.0,,,,,,,
Female,64,37,6,2.0,2.0,1.0,,,,,,,,1.0
Female,64,38,7,2.0,2.0,1.0,,1.0,,,,1.0,,
Female,64,39,4,2.0,2.0,,,,,,,,,
Female,64,40,4,1.0,,1.0,,,1.0,,,,,1.0
Female,64,41,2,,,,1.0,,,1.0,,,,
Female,64,43,3,1.0,,1.0,,1.0,,,,,,
Female,65,6,1,,,1.0,,,,,,,,
Female,65,8,1,,,1.0,,,,,,,,
Female,65,9,1,,,1.0,,,,,,,,
Female,65,11,1,,,1.0,,,,,,,,
Female,65,12,2,,,1.0,1.0,,,,,,,
Female,65,13,4,1.0,,,2.0,,,,1.0,,,
Female,65,14,1,,1.0,,,,,,,,,
Female,65,15,1,,1.0,,,,,,,,,
Female,65,16,4,,1.0,,1.0,1.0,,,1.0,,,
Female,65,17,4,2.0,,1.0,1.0,,,,,,,
Female,65,18,5,1.0,1.0,2.0,1.0,,,,,,,
Female,65,19,4,2.0,,,1.0,,,,,,,1.0
Female,65,20,6,2.0,,3.0,,1.0,,,,,,
Female,65,21,9,3.0,2.0,1.0,,1.0,1.0,,1.0,,,
Female,65,22,4,2.0,,1.0,,,,,,,,1.0
Female,65,23,9,2.0,1.0,3.0,1.0,2.0,,,,,,
Female,65,24,5,2.0,1.0,,1.0,1.0,,,,,,
Female,65,25,3,1.0,1.0,1.0,,,,,,,,
Female,65,26,4,3.0,,1.0,,,,,,,,
Female,65,27,6,2.0,,2.0,1.0,1.0,,,,,,
Female,65,28,6,1.0,4.0,1.0,,,,,,,,
Female,65,29,8,3.0,3.0,,1.0,,,,,,1.0,
Female,65,30,10,5.0,,1.0,1.0,2.0,,,,1.0,,
Female,65,31,2,2.0,,,,,,,,,,
Female,65,32,7,2.0,2.0,2.0,1.0,,,,,,,
Female,65,33,8,2.0,1.0,2.0,2.0,,,1.0,,,,
Female,65,34,9,3.0,3.0,1.0,,,1.0,,,1.0,,
Female,65,35,6,4.0,1.0,,,,1.0,,,,,
Female,65,36,4,1.0,1.0,,1.0,,,,,,,1.0
Female,65,37,6,3.0,1.0,1.0,,,,,1.0,,,
Female,65,38,2,2.0,,,,,,,,,,
Female,65,39,4,1.0,,,1.0,1.0,,,1.0,,,
Female,65,40,2,1.0,,,,,,,1.0,,,
Female,65,41,3,,,1.0,,1.0,,,,1.0,,
Female,65,42,6,,3.0,2.0,,,,1.0,,,,
Female,65,43,2,,1.0,,1.0,,,,,,,
Female,65,44,2,,,,,1.0,,,,1.0,,
Female,65,45,1,,1.0,,,,,,,,,
Male,47,5,12,1.0,1.0,,,,,,1.0,,,9.0
Male,47,6,13,,,1.0,,,,,,1.0,1.0,10.0
Male,47,7,8,,,,,,,,,,,8.0
Male,47,8,17,1.0,,,,1.0,,,,,,15.0
Male,47,9,12,,1.0,,,,,,,,1.0,10.0
Male,47,10,8,,,,,,,,,,1.0,7.0
Male,47,11,11,,,,,,,,,,,11.0
Male,47,12,14,,,1.0,,1.0,,,,,1.0,11.0
Male,47,13,23,,,1.0,,,,,,2.0,2.0,18.0
Male,47,14,20,1.0,,,,,,,1.0,,3.0,15.0
Male,47,15,18,,,,,,,,,1.0,,17.0
Male,47,16,13,,,,,,,,1.0,,2.0,10.0
Male,47,17,12,,,,,,,,,,2.0,10.0
Male,47,18,20,,,,,,,,,,1.0,19.0
Male,47,19,21,,,,,,,,2.0,1.0,,18.0
Male,47,20,33,,1.0,,,,,,1.0,3.0,1.0,27.0
Male,47,21,32,,,,1.0,,,,,1.0,2.0,28.0
Male,47,22,54,,,,,,1.0,1.0,1.0,2.0,3.0,46.0
Male,47,23,50,,,,1.0,,1.0,,,5.0,2.0,41.0
Male,47,24,82,,,,1.0,,1.0,,3.0,7.0,30.0,40.0
Male,47,25,127,1.0,,1.0,,,,,5.0,53.0,33.0,34.0
Male,47,26,68,1.0,1.0,,,,,,18.0,28.0,8.0,12.0
Male,47,27,3,,,,,,,,3.0,,,
Male,47,28,1,,,,,,,,,,,1.0
Male,48,5,5,,,,,,,,,,,5.0
Male,48,6,10,,1.0,,,,1.0,,,1.0,,7.0
Male,48,7,10,,,,,,,,,1.0,,9.0
Male,48,8,10,1.0,,,,,,1.0,,1.0,,7.0
Male,48,9,22,,,1.0,1.0,,,1.0,,1.0,1.0,17.0
Male,48,10,12,,,1.0,,,,,1.0,,1.0,9.0
Male,48,11,15,,1.0,,,1.0,,,,,,13.0
Male,48,12,16,,,,,,,,,1.0,1.0,14.0
Male,48,13,12,,,,,,,,,,2.0,10.0
Male,48,14,23,,,,,,,,,1.0,,22.0
Male,48,15,17,,,1.0,,,,,,,3.0,13.0
Male,48,16,15,,,,,,,,2.0,1.0,1.0,11.0
Male,48,17,18,,,1.0,,,,,,,1.0,16.0
Male,48,18,17,,,,2.0,1.0,,,,1.0,,13.0
Male,48,19,27,,,,1.0,,,2.0,,,2.0,22.0
Male,48,20,15,,,,,,,,1.0,1.0,,13.0
Male,48,21,14,1.0,,1.0,,,,3.0,1.0,1.0,2.0,5.0
Male,48,22,30,,,1.0,,,,,,2.0,2.0,25.0
Male,48,23,35,,1.0,,,,,,1.0,2.0,4.0,27.0
Male,48,24,60,,1.0,1.0,,,,,7.0,3.0,18.0,30.0
Male,48,25,122,,,1.0,,,2.0,2.0,9.0,47.0,32.0,29.0
Male,48,26,139,2.0,1.0,,1.0,,,8.0,46.0,50.0,10.0,21.0
Male,48,27,48,,,,,,1.0,16.0,12.0,6.0,4.0,9.0
Male,48,28,1,,,,,,,,,1.0,,
Male,49,5,10,,1.0,1.0,,,,,,,1.0,7.0
Male,49,6,14,,1.0,1.0,,,1.0,,,,,11.0
Male,49,7,12,,,,,1.0,,,,,1.0,10.0
Male,49,8,12,1.0,,1.0,,,,,,1.0,,9.0
Male,49,9,18,1.0,,,,,,,,,1.0,16.0
Male,49,10,15,,,,,,1.0,,,,1.0,13.0
Male,49,11,9,,,,,,,1.0,,,2.0,6.0
Male,49,12,22,1.0,,,,,1.0,1.0,1.0,,,18.0
Male,49,13,13,,2.0,,,,,,,,,11.0
Male,49,14,12,,,,,,,,,1.0,,11.0
Male,49,15,15,,2.0,,,,,,,1.0,1.0,11.0
Male,49,16,12,,,,,,,1.0,1.0,1.0,,9.0
Male,49,17,14,,,,,,,3.0,,,,11.0
Male,49,18,17,,,,1.0,,,,,,,16.0
Male,49,19,14,,,,,,,1.0,,1.0,1.0,11.0
Male,49,20,18,,,,,,,1.0,,1.0,1.0,15.0
Male,49,21,22,,,,,,,2.0,3.0,2.0,1.0,14.0
Male,49,22,25,,,,1.0,,1.0,1.0,2.0,1.0,2.0,17.0
Male,49,23,39,,,,,,,2.0,,2.0,4.0,31.0
Male,49,24,43,,,1.0,1.0,1.0,2.0,2.0,3.0,4.0,12.0,17.0
Male,49,25,87,,,,1.0,,4.0,5.0,8.0,34.0,17.0,18.0
Male,49,26,104,,,,,,2.0,12.0,26.0,31.0,13.0,20.0
Male,49,27,115,1.0,,,,,5.0,49.0,20.0,10.0,11.0,19.0
Male,49,28,101,,,,,,33.0,30.0,15.0,8.0,5.0,10.0
Male,49,29,6,,,,,,2.0,1.0,1.0,1.0,,1.0
Male,50,5,6,,,,,,,,,1.0,1.0,4.0
Male,50,6,15,,1.0,,,,,,1.0,,,13.0
Male,50,7,21,,1.0,,,,,,1.0,,1.0,18.0
Male,50,8,8,1.0,1.0,,,,,,,,,6.0
Male,50,9,14,1.0,,,,,,2.0,,,,11.0
Male,50,10,18,,,2.0,,2.0,,,,,3.0,11.0
Male,50,11,16,,,,,,,,1.0,,,15.0
Male,50,12,15,,,,,,,1.0,,1.0,2.0,11.0
Male,50,13,11,,1.0,,,,,1.0,,,1.0,8.0
Male,50,14,9,,,,,,,,,1.0,1.0,7.0
Male,50,15,15,,,,,,,,1.0,,,14.0
Male,50,16,19,,,1.0,,,,,2.0,3.0,,13.0
Male,50,17,15,,,1.0,1.0,,1.0,,,,2.0,10.0
Male,50,18,17,,,,,,,1.0,2.0,1.0,2.0,11.0
Male,50,19,20,,1.0,,,2.0,,2.0,1.0,2.0,2.0,10.0
Male,50,20,19,1.0,,,,1.0,,,2.0,,3.0,12.0
Male,50,21,27,,,,,,2.0,1.0,4.0,1.0,1.0,18.0
Male,50,22,27,1.0,,,,,1.0,1.0,,,3.0,21.0
Male,50,23,41,1.0,,,,1.0,4.0,1.0,4.0,6.0,10.0,14.0
Male,50,24,54,,,,,2.0,4.0,2.0,5.0,7.0,17.0,17.0
Male,50,25,53,1.0,2.0,,,,7.0,2.0,3.0,17.0,17.0,4.0
Male,50,26,78,,1.0,,,2.0,14.0,3.0,25.0,23.0,2.0,8.0
Male,50,27,120,1.0,,2.0,,5.0,9.0,42.0,25.0,15.0,3.0,18.0
Male,50,28,179,2.0,1.0,,2.0,33.0,54.0,43.0,14.0,8.0,6.0,16.0
Male,50,29,90,,,,1.0,49.0,19.0,6.0,7.0,3.0,2.0,3.0
Male,50,30,3,,,,,2.0,1.0,,,,,
Male,51,5,5,,,,1.0,,,1.0,,,,3.0
Male,51,6,16,1.0,1.0,,,1.0,,,,,1.0,12.0
Male,51,7,12,1.0,,,,,,,,2.0,1.0,8.0
Male,51,8,14,,1.0,,,,,,1.0,3.0,2.0,7.0
Male,51,9,15,,1.0,,,,,,,,1.0,13.0
Male,51,10,16,,2.0,,,1.0,,,,1.0,1.0,11.0
Male,51,11,14,,,,,,,,,1.0,5.0,8.0
Male,51,12,19,1.0,,,,,,,1.0,3.0,4.0,10.0
Male,51,13,17,,,,2.0,,,1.0,2.0,1.0,3.0,8.0
Male,51,14,13,1.0,,,,,,,2.0,,1.0,9.0
Male,51,15,10,,,,,,1.0,,,1.0,2.0,6.0
Male,51,16,20,,,,1.0,1.0,,1.0,,1.0,10.0,6.0
Male,51,17,13,,,,,1.0,1.0,1.0,,1.0,3.0,6.0
Male,51,18,17,,,,,,2.0,2.0,,3.0,2.0,8.0
Male,51,19,20,,1.0,,2.0,,,2.0,,1.0,2.0,12.0
Male,51,20,22,,,,2.0,,,,1.0,4.0,4.0,11.0
Male,51,21,18,,,,,1.0,1.0,2.0,1.0,1.0,3.0,9.0
Male,51,22,19,,,,1.0,2.0,,1.0,1.0,3.0,6.0,5.0
Male,51,23,21,,,,,3.0,,3.0,1.0,,9.0,5.0
Male,51,24,41,,,,,3.0,2.0,2.0,3.0,3.0,24.0,4.0
Male,51,25,41,1.0,,,,7.0,,1.0,,17.0,10.0,5.0
Male,51,26,74,,,1.0,3.0,13.0,3.0,7.0,22.0,10.0,8.0,7.0
Male,51,27,81,,,,3.0,10.0,6.0,29.0,18.0,5.0,6.0,4.0
Male,51,28,132,,1.0,,2.0,50.0,16.0,30.0,11.0,9.0,5.0,8.0
Male,51,29,226,2.0,,1.0,19.0,120.0,30.0,18.0,12.0,9.0,5.0,10.0
Male,51,30,138,1.0,2.0,,70.0,38.0,7.0,7.0,2.0,4.0,3.0,4.0
Male,52,5,9,,,,,,,,1.0,2.0,1.0,5.0
Male,52,6,15,,,,1.0,1.0,1.0,,1.0,2.0,3.0,6.0
Male,52,7,13,,1.0,,,,,,1.0,2.0,2.0,7.0
Male,52,8,11,,,,2.0,,,,,1.0,,8.0
Male,52,9,18,,,,2.0,1.0,,1.0,2.0,4.0,1.0,7.0
Male,52,10,9,,,,2.0,,,,1.0,2.0,1.0,3.0
Male,52,11,8,,1.0,,,,1.0,,,1.0,1.0,4.0
Male,52,12,17,,,,,1.0,,1.0,,5.0,3.0,7.0
Male,52,13,15,,,1.0,2.0,,,1.0,2.0,1.0,,8.0
Male,52,14,10,,,,,1.0,,,1.0,3.0,,5.0
Male,52,15,14,,1.0,,,,,1.0,1.0,3.0,1.0,7.0
Male,52,16,10,1.0,1.0,,,,,,,2.0,1.0,5.0
Male,52,17,18,,,,3.0,2.0,,,1.0,3.0,2.0,7.0
Male,52,18,13,,,1.0,,,2.0,1.0,2.0,1.0,,6.0
Male,52,19,15,,,1.0,1.0,1.0,,,2.0,3.0,2.0,5.0
Male,52,20,14,,1.0,,1.0,1.0,,,1.0,3.0,1.0,6.0
Male,52,21,13,,,3.0,,,2.0,,,2.0,,6.0
Male,52,22,15,,,1.0,1.0,1.0,,2.0,2.0,1.0,1.0,6.0
Male,52,23,24,2.0,,,,1.0,1.0,3.0,3.0,6.0,2.0,6.0
Male,52,24,33,1.0,,,1.0,3.0,2.0,2.0,1.0,11.0,5.0,7.0
Male,52,25,45,1.0,,,2.0,6.0,3.0,7.0,7.0,15.0,,4.0
Male,52,26,57,1.0,,4.0,3.0,7.0,5.0,3.0,21.0,9.0,2.0,2.0
Male,52,27,80,1.0,,1.0,4.0,4.0,7.0,24.0,16.0,9.0,5.0,9.0
Male,52,28,91,2.0,,1.0,2.0,40.0,9.0,17.0,6.0,2.0,4.0,8.0
Male,52,29,188,1.0,,5.0,49.0,84.0,22.0,8.0,6.0,4.0,4.0,5.0
Male,52,30,304,1.0,,53.0,129.0,69.0,11.0,11.0,8.0,8.0,6.0,8.0
Male,52,31,139,,1.0,89.0,20.0,10.0,6.0,4.0,2.0,,4.0,3.0
Male,52,32,1,,,,1.0,,,,,,,
Male,53,5,6,,1.0,1.0,,,,,,,,4.0
Male,53,6,9,,,1.0,,,,,1.0,2.0,,5.0
Male,53,7,11,,,,1.0,,,1.0,,,4.0,5.0
Male,53,8,13,,,2.0,,,,,2.0,1.0,,8.0
Male,53,9,19,1.0,,1.0,1.0,3.0,1.0,1.0,,2.0,1.0,8.0
Male,53,10,21,,,2.0,1.0,1.0,1.0,1.0,4.0,1.0,1.0,9.0
Male,53,11,12,,,1.0,,,,,1.0,2.0,2.0,6.0
Male,53,12,7,,,,,,,,,,3.0,4.0
Male,53,13,6,,,1.0,1.0,,,1.0,,,1.0,2.0
Male,53,14,15,1.0,,,,,,,5.0,2.0,2.0,5.0
Male,53,15,20,,,2.0,,,1.0,1.0,6.0,6.0,3.0,1.0
Male,53,16,10,,,,,,,1.0,2.0,1.0,2.0,4.0
Male,53,17,15,,,,,,1.0,,4.0,3.0,1.0,6.0
Male,53,18,13,,,2.0,1.0,,1.0,1.0,3.0,,1.0,4.0
Male,53,19,7,,,1.0,,,,1.0,1.0,,,4.0
Male,53,20,12,,,,,3.0,,1.0,4.0,,1.0,3.0
Male,53,21,12,,,3.0,,1.0,1.0,1.0,1.0,,2.0,3.0
Male,53,22,20,2.0,3.0,2.0,,,1.0,,1.0,2.0,2.0,7.0
Male,53,23,23,,1.0,6.0,,3.0,,1.0,4.0,1.0,3.0,4.0
Male,53,24,31,,1.0,5.0,1.0,4.0,2.0,3.0,5.0,1.0,2.0,7.0
Male,53,25,41,1.0,2.0,5.0,,7.0,,1.0,19.0,1.0,1.0,4.0
Male,53,26,48,,,12.0,1.0,7.0,,3.0,9.0,9.0,1.0,6.0
Male,53,27,56,,4.0,12.0,1.0,4.0,2.0,13.0,13.0,3.0,1.0,3.0
Male,53,28,86,,4.0,15.0,2.0,21.0,17.0,9.0,11.0,1.0,1.0,5.0
Male,53,29,128,,8.0,32.0,21.0,40.0,13.0,5.0,4.0,1.0,1.0,3.0
Male,53,30,225,3.0,5.0,96.0,55.0,37.0,6.0,6.0,6.0,5.0,4.0,2.0
Male,53,31,323,1.0,17.0,226.0,25.0,23.0,9.0,5.0,7.0,2.0,6.0,2.0
Male,53,32,136,,81.0,34.0,8.0,6.0,2.0,2.0,,1.0,1.0,1.0
Male,53,33,4,,2.0,,,,1.0,,1.0,,,
Male,54,5,7,,,,,,1.0,,1.0,1.0,,4.0
Male,54,6,7,,2.0,1.0,,,,,,,,4.0
Male,54,7,10,,1.0,,,,,,1.0,1.0,,7.0
Male,54,8,9,,1.0,,1.0,,,1.0,1.0,1.0,,4.0
Male,54,9,15,2.0,,,,,1.0,1.0,1.0,2.0,,8.0
Male,54,10,9,,,,,,,1.0,2.0,,1.0,5.0
Male,54,11,9,1.0,,1.0,,,,2.0,1.0,,1.0,3.0
Male,54,12,13,,2.0,,,,1.0,2.0,,5.0,1.0,2.0
Male,54,13,11,1.0,1.0,,1.0,1.0,,,1.0,,,6.0
Male,54,14,15,,1.0,1.0,,,,2.0,1.0,3.0,2.0,5.0
Male,54,15,11,,,,1.0,1.0,1.0,1.0,3.0,1.0,,3.0
Male,54,16,11,,,,,1.0,1.0,1.0,1.0,2.0,,5.0
Male,54,17,13,,,1.0,,,,3.0,4.0,3.0,1.0,1.0
Male,54,18,19,1.0,1.0,1.0,,,2.0,2.0,4.0,3.0,1.0,4.0
Male,54,19,21,,3.0,,,1.0,3.0,3.0,4.0,2.0,1.0,4.0
Male,54,20,12,,1.0,1.0,,1.0,2.0,3.0,2.0,1.0,,1.0
Male,54,21,13,,1.0,,1.0,2.0,2.0,3.0,,2.0,1.0,1.0
Male,54,22,14,2.0,1.0,2.0,,,2.0,2.0,1.0,,1.0,3.0
Male,54,23,24,2.0,1.0,1.0,,,4.0,4.0,4.0,1.0,2.0,5.0
Male,54,24,19,1.0,,4.0,1.0,2.0,1.0,4.0,,2.0,2.0,2.0
Male,54,25,25,1.0,3.0,5.0,2.0,1.0,1.0,6.0,3.0,,1.0,2.0
Male,54,26,32,,2.0,5.0,2.0,4.0,2.0,8.0,5.0,2.0,,2.0
Male,54,27,50,3.0,4.0,10.0,,4.0,3.0,13.0,6.0,5.0,1.0,1.0
Male,54,28,59,1.0,5.0,10.0,2.0,10.0,7.0,12.0,2.0,8.0,2.0,
Male,54,29,99,2.0,14.0,17.0,17.0,28.0,9.0,3.0,,2.0,4.0,3.0
Male,54,30,158,4.0,16.0,62.0,32.0,18.0,9.0,6.0,5.0,2.0,1.0,3.0
Male,54,31,263,16.0,48.0,130.0,23.0,14.0,9.0,8.0,2.0,4.0,4.0,5.0
Male,54,32,278,15.0,170.0,58.0,6.0,13.0,3.0,6.0,1.0,1.0,2.0,3.0
Male,54,33,161,97.0,27.0,15.0,9.0,5.0,2.0,2.0,1.0,3.0,,
Male,54,34,3,,1.0,1.0,,1.0,,,,,,
Male,55,5,4,,,,,,,,1.0,,,3.0
Male,55,6,8,,1.0,,,,,,2.0,,1.0,4.0
Male,55,7,5,,,,,,,1.0,1.0,,,3.0
Male,55,8,6,2.0,,,,1.0,,,1.0,1.0,,1.0
Male,55,9,11,1.0,1.0,,,,,1.0,2.0,,1.0,5.0
Male,55,10,8,,,,,1.0,,1.0,1.0,,2.0,3.0
Male,55,11,9,,,,,,2.0,,,1.0,2.0,4.0
Male,55,12,13,2.0,,,,,3.0,2.0,,2.0,,4.0
Male,55,13,5,,,,,1.0,,,1.0,1.0,,2.0
Male,55,14,8,,,1.0,,2.0,1.0,,,,1.0,3.0
Male,55,15,13,,,,1.0,1.0,3.0,1.0,2.0,2.0,1.0,2.0
Male,55,16,5,,1.0,,1.0,,1.0,,2.0,,,
Male,55,17,11,,,,2.0,,,2.0,1.0,1.0,1.0,4.0
Male,55,18,14,2.0,1.0,1.0,,3.0,2.0,,1.0,1.0,1.0,2.0
Male,55,19,5,,,1.0,,,,1.0,1.0,,,2.0
Male,55,20,17,4.0,3.0,2.0,,2.0,1.0,,2.0,1.0,2.0,
Male,55,21,10,1.0,1.0,1.0,,2.0,1.0,,,1.0,2.0,1.0
Male,55,22,11,1.0,,2.0,,1.0,1.0,,2.0,1.0,2.0,1.0
Male,55,23,20,1.0,2.0,2.0,2.0,2.0,7.0,1.0,,1.0,,2.0
Male,55,24,16,,1.0,1.0,1.0,2.0,2.0,,2.0,1.0,2.0,4.0
Male,55,25,28,1.0,1.0,4.0,1.0,4.0,5.0,3.0,4.0,1.0,1.0,3.0
Male,55,26,26,5.0,2.0,4.0,1.0,5.0,3.0,1.0,3.0,,,2.0
Male,55,27,32,3.0,,8.0,2.0,1.0,8.0,5.0,1.0,1.0,2.0,1.0
Male,55,28,52,5.0,5.0,7.0,2.0,14.0,12.0,2.0,,1.0,1.0,3.0
Male,55,29,75,12.0,7.0,10.0,15.0,19.0,3.0,1.0,,2.0,4.0,2.0
Male,55,30,93,12.0,7.0,37.0,16.0,7.0,4.0,3.0,2.0,3.0,1.0,1.0
Male,55,31,162,21.0,29.0,80.0,10.0,4.0,6.0,5.0,4.0,1.0,1.0,1.0
Male,55,32,204,36.0,98.0,43.0,8.0,11.0,4.0,1.0,,1.0,1.0,1.0
Male,55,33,380,252.0,58.0,31.0,14.0,10.0,5.0,,2.0,3.0,1.0,4.0
Male,55,34,119,56.0,24.0,16.0,10.0,3.0,2.0,4.0,3.0,,1.0,
Male,55,35,1,,,1.0,,,,,,,,
Male,56,5,6,1.0,1.0,,,1.0,,,1.0,,1.0,1.0
Male,56,6,4,,,,,,,1.0,2.0,,,1.0
Male,56,7,6,,,,,2.0,1.0,,,1.0,1.0,1.0
Male,56,8,10,1.0,,,2.0,,1.0,,,2.0,,4.0
Male,56,9,11,1.0,,,1.0,1.0,,2.0,1.0,,1.0,4.0
Male,56,10,19,1.0,,2.0,1.0,2.0,1.0,2.0,3.0,2.0,2.0,3.0
Male,56,11,10,,,,1.0,,3.0,3.0,,2.0,1.0,
Male,56,12,7,2.0,,,,1.0,1.0,,1.0,,1.0,1.0
Male,56,13,7,2.0,,2.0,,,,1.0,1.0,,1.0,
Male,56,14,8,1.0,,1.0,1.0,,,,1.0,1.0,,3.0
Male,56,15,7,1.0,,1.0,,1.0,1.0,,1.0,,1.0,1.0
Male,56,16,10,,,1.0,1.0,3.0,,,1.0,,,4.0
Male,56,17,12,,,,1.0,2.0,1.0,,4.0,1.0,1.0,2.0
Male,56,18,8,,,,2.0,2.0,,1.0,1.0,1.0,,1.0
Male,56,19,17,3.0,1.0,,,2.0,,2.0,1.0,,1.0,7.0
Male,56,20,15,1.0,3.0,1.0,1.0,3.0,1.0,,2.0,1.0,1.0,1.0
Male,56,21,6,,1.0,1.0,,1.0,1.0,,,,,2.0
Male,56,22,14,,2.0,2.0,,2.0,2.0,2.0,1.0,,3.0,
Male,56,23,19,3.0,1.0,1.0,3.0,2.0,2.0,1.0,1.0,1.0,3.0,1.0
Male,56,24,14,2.0,1.0,3.0,1.0,2.0,1.0,1.0,1.0,1.0,1.0,
Male,56,25,23,1.0,,5.0,4.0,6.0,1.0,1.0,2.0,3.0,,
Male,56,26,30,1.0,1.0,5.0,1.0,10.0,5.0,6.0,1.0,,,
Male,56,27,35,6.0,1.0,3.0,6.0,6.0,7.0,4.0,,1.0,,1.0
Male,56,28,46,7.0,4.0,10.0,1.0,15.0,2.0,2.0,3.0,1.0,,1.0
Male,56,29,56,7.0,6.0,7.0,12.0,12.0,2.0,1.0,2.0,2.0,2.0,3.0
Male,56,30,101,7.0,6.0,40.0,25.0,11.0,3.0,1.0,1.0,4.0,1.0,2.0
Male,56,31,114,13.0,29.0,38.0,14.0,10.0,3.0,3.0,,,1.0,3.0
Male,56,32,117,19.0,65.0,17.0,5.0,3.0,2.0,1.0,1.0,2.0,,2.0
Male,56,33,234,148.0,43.0,21.0,10.0,5.0,,1.0,,3.0,2.0,1.0
Male,56,34,231,114.0,39.0,34.0,19.0,11.0,1.0,1.0,1.0,2.0,5.0,4.0
Male,56,35,69,20.0,16.0,23.0,1.0,2.0,2.0,1.0,2.0,1.0,,1.0
Male,57,5,4,1.0,,,,,,,,1.0,1.0,1.0
Male,57,6,2,,,,,,,,,,1.0,1.0
Male,57,7,5,,,,1.0,,1.0,,1.0,,,2.0
Male,57,8,8,,,2.0,1.0,,1.0,,,2.0,,2.0
Male,57,9,6,,,,1.0,,,2.0,,,,3.0
Male,57,10,3,,,,,1.0,,,,,,2.0
Male,57,11,9,1.0,,,1.0,,1.0,,2.0,1.0,,3.0
Male,57,12,6,,,,1.0,,,1.0,,1.0,1.0,2.0
Male,57,13,5,1.0,,,,,2.0,,,,,2.0
Male,57,14,3,1.0,,,,,,1.0,,,,1.0
Male,57,15,4,,,,1.0,,1.0,,1.0,,,1.0
Male,57,16,10,,,1.0,4.0,1.0,1.0,,2.0,,,1.0
Male,57,17,11,,,,6.0,1.0,,1.0,1.0,1.0,,1.0
Male,57,18,4,1.0,,,1.0,1.0,,1.0,,,,
Male,57,19,7,,1.0,3.0,1.0,1.0,,,,1.0,,
Male,57,20,9,,,,1.0,1.0,,,2.0,4.0,,1.0
Male,57,21,3,1.0,,,1.0,,1.0,,,,,
Male,57,22,8,2.0,,,,1.0,2.0,,,,2.0,1.0
Male,57,23,7,,,,1.0,1.0,1.0,2.0,,,1.0,1.0
Male,57,24,6,,,,2.0,1.0,1.0,1.0,,1.0,,
Male,57,25,10,,1.0,4.0,3.0,1.0,1.0,,,,,
Male,57,26,12,1.0,2.0,1.0,1.0,,,2.0,2.0,2.0,,1.0
Male,57,27,22,1.0,5.0,4.0,6.0,2.0,,1.0,1.0,,1.0,1.0
Male,57,28,18,,3.0,1.0,2.0,6.0,3.0,1.0,,1.0,1.0,
Male,57,29,26,5.0,2.0,6.0,6.0,2.0,2.0,,,2.0,,1.0
Male,57,30,44,8.0,4.0,18.0,9.0,,4.0,,1.0,,,
Male,57,31,58,2.0,11.0,32.0,8.0,2.0,1.0,,1.0,1.0,,
Male,57,32,56,10.0,34.0,6.0,2.0,,3.0,,,1.0,,
Male,57,33,89,53.0,15.0,10.0,4.0,2.0,,,2.0,1.0,,2.0
Male,57,34,89,42.0,16.0,8.0,12.0,3.0,3.0,,2.0,,1.0,2.0
Male,57,35,107,31.0,13.0,27.0,21.0,1.0,4.0,4.0,2.0,1.0,1.0,2.0
Male,57,36,28,7.0,7.0,4.0,4.0,3.0,1.0,1.0,,,,1.0
Male,58,5,2,1.0,,,,,,,1.0,,,
Male,58,6,4,,,,,1.0,1.0,1.0,1.0,,,
Male,58,7,1,,,,1.0,,,,,,,
Male,58,8,4,1.0,,,,,,,1.0,,1.0,1.0
Male,58,9,6,,1.0,1.0,,,,,1.0,1.0,,2.0
Male,58,10,3,,,,,1.0,1.0,,,,1.0,
Male,58,11,4,1.0,1.0,,1.0,,,,,1.0,,
Male,58,12,4,,1.0,1.0,1.0,,,,,1.0,,
Male,58,13,5,,,,,1.0,,1.0,,,2.0,1.0
Male,58,14,4,,,2.0,1.0,,,,,,,1.0
Male,58,15,4,1.0,,,,,1.0,,1.0,,,1.0
Male,58,16,3,,,,,1.0,,,1.0,1.0,,
Male,58,17,5,,,,1.0,1.0,1.0,,1.0,1.0,,
Male,58,18,7,,,1.0,,2.0,1.0,,1.0,1.0,,1.0
Male,58,19,9,,3.0,1.0,,1.0,,,1.0,1.0,2.0,
Male,58,20,5,1.0,1.0,,,,,1.0,1.0,,,1.0
Male,58,21,3,,,1.0,,1.0,1.0,,,,,
Male,58,22,10,2.0,4.0,1.0,2.0,,,,,,,1.0
Male,58,23,5,,,1.0,2.0,,,,1.0,1.0,,
Male,58,24,10,2.0,2.0,2.0,,2.0,1.0,,,,,1.0
Male,58,25,5,,1.0,2.0,1.0,,1.0,,,,,
Male,58,26,10,,,2.0,2.0,1.0,3.0,1.0,,1.0,,
Male,58,27,14,,4.0,4.0,1.0,,,1.0,1.0,,2.0,1.0
Male,58,28,11,1.0,1.0,5.0,1.0,2.0,,,,1.0,,
Male,58,29,26,1.0,3.0,7.0,4.0,8.0,1.0,,,1.0,,1.0
Male,58,30,23,1.0,3.0,10.0,5.0,1.0,1.0,1.0,1.0,,,
Male,58,31,26,3.0,7.0,11.0,2.0,,,1.0,,,,2.0
Male,58,32,51,13.0,25.0,9.0,2.0,,,,1.0,,1.0,
Male,58,33,63,49.0,8.0,3.0,,,,,,1.0,1.0,1.0
Male,58,34,55,22.0,11.0,9.0,4.0,3.0,,1.0,2.0,2.0,,1.0
Male,58,35,62,22.0,10.0,15.0,5.0,4.0,,2.0,2.0,1.0,,1.0
Male,58,36,60,21.0,19.0,11.0,3.0,2.0,1.0,,1.0,1.0,,1.0
Male,58,37,28,16.0,5.0,2.0,2.0,,1.0,,2.0,,,
Male,59,5,2,,,,,,1.0,,,,,1.0
Male,59,6,2,,1.0,,,,,1.0,,,,
Male,59,7,6,1.0,,,,,,2.0,,1.0,,2.0
Male,59,8,1,,,,,,,,,1.0,,
Male,59,9,3,,,1.0,,,,,1.0,,1.0,
Male,59,10,4,,1.0,2.0,,,,,1.0,,,
Male,59,11,5,,2.0,,1.0,1.0,,,,1.0,,
Male,59,12,5,,,,1.0,,1.0,,2.0,1.0,,
Male,59,13,4,,,,,,,1.0,,,2.0,1.0
Male,59,15,7,,,3.0,,,1.0,,,,1.0,2.0
Male,59,16,2,,,1.0,,,,1.0,,,,
Male,59,17,8,,,1.0,4.0,1.0,,,1.0,,1.0,
Male,59,18,8,,,2.0,2.0,,3.0,1.0,,,,
Male,59,19,4,,,,,1.0,1.0,,2.0,,,
Male,59,20,6,1.0,2.0,,,,1.0,1.0,1.0,,,
Male,59,21,2,,1.0,,,1.0,,,,,,
Male,59,22,3,,1.0,1.0,,,,,1.0,,,
Male,59,23,6,2.0,2.0,1.0,1.0,,,,,,,
Male,59,24,3,1.0,1.0,1.0,,,,,,,,
Male,59,25,6,2.0,,2.0,,,1.0,,1.0,,,
Male,59,26,6,1.0,1.0,1.0,,1.0,,2.0,,,,
Male,59,27,11,3.0,1.0,3.0,,,3.0,,,,,1.0
Male,59,28,4,,1.0,1.0,,2.0,,,,,,
Male,59,29,11,2.0,2.0,4.0,,,1.0,,2.0,,,
Male,59,30,13,1.0,2.0,3.0,4.0,2.0,1.0,,,,,
Male,59,31,25,2.0,11.0,8.0,3.0,,,,1.0,,,
Male,59,32,40,11.0,20.0,4.0,1.0,2.0,1.0,,,1.0,,
Male,59,33,46,31.0,6.0,5.0,2.0,,1.0,,,,,1.0
Male,59,34,22,10.0,8.0,1.0,2.0,,,,,1.0,,
Male,59,35,34,12.0,9.0,7.0,1.0,2.0,,2.0,,1.0,,
Male,59,36,46,19.0,14.0,6.0,2.0,,,1.0,1.0,,1.0,2.0
Male,59,37,44,27.0,11.0,3.0,2.0,1.0,,,,,,
Male,59,38,10,4.0,3.0,2.0,1.0,,,,,,,
Male,60,5,3,,1.0,,1.0,,,,,,,1.0
Male,60,6,2,,,,,1.0,,,,1.0,,
Male,60,7,3,,,,,1.0,,,,,,2.0
Male,60,8,1,,,,,,1.0,,,,,
Male,60,9,1,1.0,,,,,,,,,,
Male,60,10,3,2.0,,1.0,,,,,,,,
Male,60,11,3,,,1.0,,,,,1.0,,,1.0
Male,60,12,2,,1.0,,,,1.0,,,,,
Male,60,13,6,1.0,,,,2.0,1.0,,1.0,,,1.0
Male,60,14,4,,1.0,,,1.0,,1.0,,,,1.0
Male,60,15,2,,,,,1.0,,,,1.0,,
Male,60,16,2,,,,,2.0,,,,,,
Male,60,18,4,,1.0,2.0,,1.0,,,,,,
Male,60,19,3,,,1.0,,,1.0,1.0,,,,
Male,60,20,2,1.0,,,,,,,1.0,,,
Male,60,21,4,2.0,1.0,,,,1.0,,,,,
Male,60,22,4,2.0,,1.0,,,,,1.0,,,
Male,60,23,8,2.0,1.0,1.0,2.0,,2.0,,,,,
Male,60,24,8,1.0,1.0,2.0,,2.0,,,1.0,,,1.0
Male,60,25,6,1.0,1.0,2.0,1.0,,,,,1.0,,
Male,60,26,5,2.0,1.0,,1.0,,,,,,1.0,
Male,60,27,2,1.0,,1.0,,,,,,,,
Male,60,28,10,4.0,1.0,,,4.0,,1.0,,,,
Male,60,29,5,1.0,,2.0,,1.0,,1.0,,,,
Male,60,30,17,5.0,2.0,5.0,3.0,,1.0,1.0,,,,
Male,60,31,18,3.0,3.0,5.0,5.0,1.0,,1.0,,,,
Male,60,32,27,11.0,8.0,5.0,1.0,1.0,1.0,,,,,
Male,60,33,37,26.0,3.0,2.0,3.0,,1.0,,,,1.0,1.0
Male,60,34,26,9.0,5.0,6.0,2.0,1.0,1.0,,1.0,,,1.0
Male,60,35,13,6.0,2.0,2.0,,2.0,1.0,,,,,
Male,60,36,20,4.0,6.0,6.0,,,,,2.0,1.0,,1.0
Male,60,37,42,23.0,10.0,3.0,1.0,,2.0,1.0,,1.0,,1.0
Male,60,38,28,14.0,5.0,3.0,1.0,1.0,,1.0,2.0,,,1.0
Male,60,39,8,3.0,3.0,1.0,,,1.0,,,,,
Male,60,41,1,,,,,1.0,,,,,,
Male,61,5,2,1.0,1.0,,,,,,,,,
Male,61,6,3,1.0,,,,1.0,,,,,1.0,
Male,61,8,2,,,2.0,,,,,,,,
Male,61,9,2,,,1.0,,,,,,1.0,,
Male,61,10,2,1.0,,,,,,,,,,1.0
Male,61,11,6,1.0,,,,2.0,2.0,,,,,1.0
Male,61,12,4,1.0,,,,,,1.0,2.0,,,
Male,61,13,1,,1.0,,,,,,,,,
Male,61,14,4,1.0,,1.0,1.0,,,,,1.0,,
Male,61,15,4,,1.0,,1.0,1.0,1.0,,,,,
Male,61,16,3,,,,1.0,,2.0,,,,,
Male,61,17,1,1.0,,,,,,,,,,
Male,61,18,4,,,1.0,2.0,,,1.0,,,,
Male,61,19,4,1.0,,,1.0,1.0,,,,,1.0,
Male,61,20,2,,,,1.0,,,,,,1.0,
Male,61,21,4,,1.0,1.0,,1.0,,,,,1.0,
Male,61,22,2,,1.0,,,,,,1.0,,,
Male,61,23,3,,,1.0,,1.0,,,,,1.0,
Male,61,24,3,,1.0,1.0,,,,,,1.0,,
Male,61,25,1,,,1.0,,,,,,,,
Male,61,26,3,,2.0,,1.0,,,,,,,
Male,61,27,3,,1.0,1.0,,,1.0,,,,,
Male,61,28,7,3.0,1.0,1.0,,,1.0,,1.0,,,
Male,61,29,7,2.0,1.0,1.0,,2.0,1.0,,,,,
Male,61,30,13,1.0,2.0,6.0,3.0,,,,,1.0,,
Male,61,31,13,3.0,4.0,3.0,3.0,,,,,,,
Male,61,32,10,3.0,2.0,4.0,,,1.0,,,,,
Male,61,33,17,11.0,1.0,3.0,2.0,,,,,,,
Male,61,34,5,3.0,1.0,1.0,,,,,,,,
Male,61,35,5,4.0,,1.0,,,,,,,,
Male,61,36,18,12.0,2.0,2.0,,1.0,,,1.0,,,
Male,61,37,18,11.0,4.0,,1.0,,,,2.0,,,
Male,61,38,14,5.0,6.0,2.0,,,,,,,1.0,
Male,61,39,6,2.0,,2.0,1.0,1.0,,,,,,
Male,61,40,9,2.0,2.0,2.0,,2.0,,,1.0,,,
Male,62,5,2,1.0,,,,1.0,,,,,,
Male,62,6,1,1.0,,,,,,,,,,
Male,62,8,2,,,,,2.0,,,,,,
Male,62,9,3,,,,,1.0,,1.0,,,,1.0
Male,62,10,3,2.0,,,1.0,,,,,,,
Male,62,11,4,,,,1.0,,1.0,,,2.0,,
Male,62,12,1,,,,,,1.0,,,,,
Male,62,13,1,,,1.0,,,,,,,,
Male,62,14,2,,1.0,1.0,,,,,,,,
Male,62,15,2,1.0,,,,1.0,,,,,,
Male,62,16,1,,1.0,,,,,,,,,
Male,62,17,4,,,,2.0,,1.0,,1.0,,,
Male,62,19,1,1.0,,,,,,,,,,
Male,62,20,1,1.0,,,,,,,,,,
Male,62,21,4,1.0,2.0,,,,,1.0,,,,
Male,62,22,1,,,,,,1.0,,,,,
Male,62,23,2,1.0,,1.0,,,,,,,,
Male,62,24,6,,1.0,2.0,1.0,,,1.0,,,1.0,
Male,62,25,2,,1.0,1.0,,,,,,,,
Male,62,26,1,1.0,,,,,,,,,,
Male,62,27,3,,,1.0,,1.0,,1.0,,,,
Male,62,28,4,,1.0,2.0,,1.0,,,,,,
Male,62,29,3,2.0,,1.0,,,,,,,,
Male,62,30,6,1.0,,2.0,3.0,,,,,,,
Male,62,31,6,,,6.0,,,,,,,,
Male,62,32,10,1.0,6.0,2.0,,,,,,,1.0,
Male,62,33,8,6.0,1.0,1.0,,,,,,,,
Male,62,34,5,3.0,,2.0,,,,,,,,
Male,62,35,2,,1.0,1.0,,,,,,,,
Male,62,36,7,1.0,4.0,,2.0,,,,,,,
Male,62,37,7,1.0,3.0,1.0,,,1.0,,,,1.0,
Male,62,38,4,1.0,2.0,,,1.0,,,,,,
Male,62,39,5,2.0,,1.0,1.0,,1.0,,,,,
Male,62,40,8,4.0,,,1.0,,3.0,,,,,
Male,62,41,3,1.0,1.0,,,,,1.0,,,,
Male,63,6,1,,,,,,,,,1.0,,
Male,63,8,1,,,1.0,,,,,,,,
Male,63,9,1,,,,,,,1.0,,,,
Male,63,10,2,,,,2.0,,,,,,,
Male,63,11,3,,,1.0,,1.0,,,,,1.0,
Male,63,12,1,,,,,,,,1.0,,,
Male,63,13,1,,,,,1.0,,,,,,
Male,63,16,2,,1.0,,1.0,,,,,,,
Male,63,17,1,1.0,,,,,,,,,,
Male,63,19,5,1.0,1.0,2.0,,,,1.0,,,,
Male,63,20,1,,,,,,,,,,,1.0
Male,63,21,1,,,,,,,,,,1.0,
Male,63,22,2,,,1.0,,,1.0,,,,,
Male,63,23,1,,1.0,,,,,,,,,
Male,63,24,1,,,1.0,,,,,,,,
Male,63,25,3,2.0,1.0,,,,,,,,,
Male,63,26,2,1.0,,,,,,,,,1.0,
Male,63,27,4,,2.0,,,1.0,,,1.0,,,
Male,63,28,1,,,1.0,,,,,,,,
Male,63,29,5,1.0,2.0,1.0,1.0,,,,,,,
Male,63,30,1,,1.0,,,,,,,,,
Male,63,31,4,2.0,,1.0,,,1.0,,,,,
Male,63,32,3,1.0,2.0,,,,,,,,,
Male,63,33,6,3.0,1.0,1.0,,1.0,,,,,,
Male,63,34,3,,1.0,1.0,1.0,,,,,,,
Male,63,35,7,4.0,2.0,1.0,,,,,,,,
Male,63,36,2,1.0,,1.0,,,,,,,,
Male,63,37,15,10.0,3.0,1.0,,,1.0,,,,,
Male,63,38,3,2.0,1.0,,,,,,,,,
Male,63,39,5,1.0,1.0,2.0,,,,,,,1.0,
Male,63,40,2,1.0,1.0,,,,,,,,,
Male,63,41,4,1.0,1.0,1.0,,1.0,,,,,,
Male,63,42,1,1.0,,,,,,,,,,
Male,64,9,2,1.0,1.0,,,,,,,,,
Male,64,10,1,1.0,,,,,,,,,,
Male,64,11,4,,,2.0,,,,1.0,,,,1.0
Male,64,12,1,,1.0,,,,,,,,,
Male,64,14,1,,1.0,,,,,,,,,
Male,64,15,1,,1.0,,,,,,,,,
Male,64,17,2,,,,,1.0,,1.0,,,,
Male,64,19,2,,1.0,,,,,1.0,,,,
Male,64,21,1,,,1.0,,,,,,,,
Male,64,23,1,1.0,,,,,,,,,,
Male,64,25,1,,,,,,,1.0,,,,
Male,64,26,1,1.0,,,,,,,,,,
Male,64,27,2,1.0,,,1.0,,,,,,,
Male,64,29,2,,1.0,,,,,,1.0,,,
Male,64,30,2,2.0,,,,,,,,,,
Male,64,31,2,,1.0,1.0,,,,,,,,
Male,64,32,2,1.0,,1.0,,,,,,,,
Male,64,33,2,2.0,,,,,,,,,,
Male,64,34,1,1.0,,,,,,,,,,
Male,64,36,2,2.0,,,,,,,,,,
Male,64,37,1,,1.0,,,,,,,,,
Male,64,39,1,1.0,,,,,,,,,,
Male,64,41,5,2.0,1.0,1.0,,,,1.0,,,,
Male,64,42,6,1.0,1.0,2.0,1.0,1.0,,,,,,
Male,64,43,1,,1.0,,,,,,,,,
Male,65,6,1,,,,,1.0,,,,,,
Male,65,7,1,,1.0,,,,,,,,,
Male,65,8,1,,1.0,,,,,,,,,
Male,65,10,1,1.0,,,,,,,,,,
Male,65,12,1,1.0,,,,,,,,,,
Male,65,13,2,1.0,,,1.0,,,,,,,
Male,65,14,1,1.0,,,,,,,,,,
Male,65,15,1,,1.0,,,,,,,,,
Male,65,16,1,,,,,1.0,,,,,,
Male,65,17,1,,,,,,,,,,,1.0
Male,65,19,1,,,1.0,,,,,,,,
Male,65,23,2,1.0,,1.0,,,,,,,,
Male,65,24,1,,,1.0,,,,,,,,
Male,65,28,2,1.0,,,,1.0,,,,,,
Male,65,29,2,2.0,,,,,,,,,,
Male,65,30,1,1.0,,,,,,,,,,
Male,65,31,4,3.0,,1.0,,,,,,,,
Male,65,32,3,1.0,2.0,,,,,,,,,
Male,65,33,4,2.0,1.0,,,,,,,1.0,,
Male,65,34,3,,1.0,,1.0,1.0,,,,,,
Male,65,35,2,1.0,,,1.0,,,,,,,
Male,65,36,2,,1.0,,,,,,,,1.0,
Male,65,37,2,1.0,,1.0,,,,,,,,
Male,65,39,1,1.0,,,,,,,,,,
Male,65,40,2,,,,,1.0,,,,1.0,,
Male,65,41,3,2.0,,1.0,,,,,,,,
Male,65,42,3,1.0,,2.0,,,,,,,,
Male,65,43,5,2.0,,1.0,,,,,,1.0,1.0,
Male,65,44,2,1.0,,,,,,,,,,1.0
